Workbook
Name _1._Sürdürülebilir_Kampüs_Faaliyetlerinin_Desteklenmesi: '1-Devamsızlık Formu (Ek-4)'!$BJ$2:$BJ$7
Name _1__Ağaçlandırma_ve_peyzaj_düzenleme_faaliyetlerinin_desteklenmesi: '1-Devamsızlık Formu (Ek-4)'!$BJ$3:$BJ$7
Name _2._Kampüs_Altyapı_ve_Bakım_Faaliyetlerinin_Desteklenmesi: '1-Devamsızlık Formu (Ek-4)'!$BK$2:$BK$4
Name _3._Sosyal_ve_Kültürel_Faaliyetlerin_Desteklenmesi: '1-Devamsızlık Formu (Ek-4)'!$BL$2:$BL$7
Name _4._Akademik_ve_İdari_Faaliyetlerin_Desteklenmesi: '1-Devamsızlık Formu (Ek-4)'!$BM$2:$BM$5
Name _5._Toplumsal_Hizmet_ve_İşbirliği_Faaliyetlerinin_Desteklenmesi: '1-Devamsızlık Formu (Ek-4)'!$BN$2:$BN$6
Name _6._Öğrenci_Gelişim_ve_Uyum_Faaliyetlerinin_Desteklenmesi: '1-Devamsızlık Formu (Ek-4)'!$BO$2:$BO$5
Name _7._Dijital_Dönüşüm_ve_İnovasyon_Faaliyetlerinin_Desteklenmesi: '1-Devamsızlık Formu (Ek-4)'!$BP$2:$BP$4
Name _8._Girişimcilik_Ekosistemi_Faaliyetlerinin_Desteklenmesi: '1-Devamsızlık Formu (Ek-4)'!$BQ$2:$BQ$4
Name ak: '1-Devamsızlık Formu (Ek-4)'!$BJ$15:$BJ$17
Name di: '1-Devamsızlık Formu (Ek-4)'!$BJ$25:$BJ$26
Name gi: '1-Devamsızlık Formu (Ek-4)'!$BJ$27:$BJ$28
Name ka: '1-Devamsızlık Formu (Ek-4)'!$BJ$8:$BJ$9
Name öğ: '1-Devamsızlık Formu (Ek-4)'!$BJ$22:$BJ$24
Name s: '1-Devamsızlık Formu (Ek-4)'!$BJ$3:$BJ$7
Name so: '1-Devamsızlık Formu (Ek-4)'!$BJ$10:$BJ$14
Name sü: '1-Devamsızlık Formu (Ek-4)'!$BJ$3:$BJ$7
Name to: '1-Devamsızlık Formu (Ek-4)'!$BJ$18:$BJ$21

Sheet !!! VERİLER !!!
B1: CEP HARÇLIĞI TUTARI | C1: 1375 | K1: ASGARİ GEÇİM İNDİRİMİ YILIN İLK ALTI AYI İÇİN BELİRLENEN ASGARİ ÜCRET TUTARI GİRİLEREK GÜNCELLENECEK
B2: Kısa Vadeli Sigorta Kolları Primi | C2: 0.01 | E2: Genel Sağlık Sigortası Primi | F2: 0.045
B4: İŞ YERİ UNVANI | C4: GAZİANTEP REKTÖRLÜĞÜ | G4: PROGRAM PORTAL NUMARASINI ALTA YAZINIZ | K4: ASGARİ GEÇİM İNDİRİMİNE ESAS BRÜT ASGARİ ÜCRET
B5: İŞ YERİ İMZA YETKİLİSİ ADI SOYADI | C5: Mehmet Fatih EVYAPAN | D5: İŞ YERİ İMZA YETKİLİSİ UNVANI | E5: Daire Başkanı | O5: İŞKUR Gençlik Programı
B6: PROJE KOORDİNATÖRÜ ADI SOYADI | C6: Mehmet Bereket TATAR | D6: KOORDİNATÖR UNVANI | E6: Şube Müdürü | K6: 0.15 | L6: 20002.5 | M6: =L6*12 -> 240030 | O6: Ağaçlandırma faaliyetlerinin desteklenmesi
B7: İŞ YERİ SGK SİCİL NUMARASI | C7: 385400101122832602709-30/000 | K7: 1 | L7: BEKAR | M7: =ROUND(M6*N7*K6/12,2) -> 1500.19 | N7: 0.5 | O7: Geri dönüşüm ve atık imha faaliyetlerinin desteklenmesi | Q7: ADANA
B8: İŞ YERİ BANKA HESAP NUMARASI | C8: TR310001200133800004000406 | K8: 2 | L8: EVLİ EŞİ ÇALIŞAN | M8: =ROUND(M6*K6*N8/12,2) -> 1500.19 | N8: 0.5 | O8: Biyolojik çeşitliliğin korunması ve doğal yaşam alanlarının restorasyon faaliyetlerinin desteklenmesi | Q8: ADIYAMAN
B9: İŞ YERİ BANKA ŞUBESİ | C9: T.C. HALK BANKASI | E9: ÜNİVERSİTE UYDU ŞUBESİ | G9: 13324 | K9: 3 | L9: EVLİ EŞİ ÇALIŞAN 1 ÇOCUKLU | M9: =ROUND(M6*N9*K6/12,2) -> 1725.22 | N9: 0.575 | O9: Çocuk bakım işlerine yönelik faaliyetlerin desteklenmesi | Q9: AFYON
B10: İŞ YERİ Adresi | C10: GAZİANTEP Üniversitesi | K10: 4 | L10: EVLİ EŞİ ÇALIŞAN 2 ÇOCUKLU | M10: =ROUND(M6*K6*N10/12,2) -> 1950.24 | N10: 0.65 | O10: Engelli, yaşlı ve hasta bakımına yönelik faaliyetlerin desteklenmesi | Q10: AĞRI
B11: İŞ YERİ Telefon Numarası | C11: 0342 360 14 51 | K11: 5 | L11: EVLİ EŞİ ÇALIŞAN 3 ÇOCUKLU | M11: =ROUND(M6*N11*K6/12,2) -> 2250.28 | N11: 0.75 | O11: Tarımsal Üretim Uygulamaları ve Hayvancılık Faaliyetlerinin Desteklenmesi | Q11: AKSARAY
B12: İŞ YERİ Fax Numarası | C12: 0342 360 10 13 | G12: Sözleşme Tarihi | K12: 6 | L12: EVLİ EŞİ ÇALIŞAN 4 ÇOCUKLU | M12: =ROUND(M6*K6*N12/12,2) -> 2400.3 | N12: 0.8 | O12: Kamusal Alanların Temizlik, Bakım ve Onarım Faaliyetlerinin Desteklenmesi | Q12: AMASYA
B13: İŞ YERİ Eposta Adresi | C13: sksdb@gantep.edu.tr | G13: 30.10.2025 | K13: 7 | L13: EVLİ EŞİ ÇALIŞAN 5 ÇOCUKLU | M13: =ROUND(M6*K6*N13/12,2) -> 2550.32 | N13: 0.85 | O13: Spor ve kültür faaliyetlerinin desteklenmesi | Q13: ANKARA
B14: Program Başlama Tarihi | C14: 17.11.2025 | G14: Sözleşme No | K14: 8 | L14: EVLİ EŞİ ÇALIŞMAYAN | M14: =ROUND(M6*N14*K6/12,2) -> 1800.23 | N14: 0.6 | O14: Parkların ve yeşil alanların korunması ve geliştirilmesi faaliyetlerinin desteklenmesi | Q14: ANTALYA
B15: Program Bitiş Tarihi | C15: 30.06.2026 | G15: 2025/4 | K15: 9 | L15: EVLİ EŞİ ÇALIŞMAYAN 1 ÇOCUKLU | M15: =ROUND(M6*N15*K6/12,2) -> 2025.25 | N15: 0.675 | O15: Toplum sağlığı ve hijyen faaliyetlerinin desteklenmesi | Q15: ARDAHAN
B16: Program Konusu | C16: İŞKUR Gençlik Programı | K16: 10 | L16: EVLİ EŞİ Ç ALIŞMAYAN 2 ÇOCUKLU | M16: =ROUND(M6*N16*K6/12,2) -> 2250.28 | N16: 0.75 | O16: Kırsal Kalkınma ve Köy Projelerinin Desteklenmesi | Q16: ARTVİN
B17: Program Yürütülen İL | C17: GAZİANTEP | K17: 11 | L17: EVLİ EŞİ ÇALIŞMAYAN 3 ÇOCUKLU | M17: =ROUND(M6*K6*N17/12,2) -> 2550.32 | N17: 0.85 | O17: Afet hazırlık faaliyetlerinin desteklenmesi | Q17: AYDIN
B18: T.C. / Vergi Kimlik No | C18: 6110026286 | K18: 12 | L18: ENGELLİ İNDİRİMİ 1. DERECE | O18: Çevresel kirliliğin önlenmesi ve iyileştirme faaliyetlerinin desteklenmesi | Q18: BALIKESİR
B19: NOT: ASGARİ GEÇİM İNDİRİMİ KATILIMCI LİSTESİNE; SAYFANIN SAĞINDA YAZAN BİLGİYE GÖRE GİRİLECEK OLUP, YEVMİYE SAYISINA GÖRE OTOMATİK HESAPLANACAKTIR. | K19: 13 | L19: ENGELLİ İNDİRİMİ 2. DERECE | Q19: BARTIN
K20: 14 | L20: ENGELLİ İNDİRİMİ 3. DERECE | Q20: BATMAN
Q21: BAYBURT
B22: !!!! BU SAYFADAN ÇIKTI ALINMAYACAK !!!! | Q22: BİLECİK
Q23: BİNGÖL
Q24: BİTLİS
Q25: BOLU
Q26: BURDUR
Q27: BURSA
Q28: ÇANAKKALE
Q29: ÇANKIRI
Q30: ÇORUM
Q31: DENİZLİ
Q32: DİYARBAKIR
Q33: DÜZCE
Q34: EDİRNE
... Q87: ZONGULDAK

Sheet !!!KATILIMCI LİSTESİ!!!
B1: ADI SOYADI | C1: T.C.KİMLİK NUMARASI | D1: BANKA HESAP NO
A2: 1 | B2: ABDÜLAZİZ BÜYÜKDEMİR | C2: 11231264864 | D2: TR300001200133800001193050
A3: 2 | B3: ABDULBAKİ DALGIN | C3: 51664708658 | D3: TR410001200133800001186450
A4: 3 | B4: ABDULBASİT YİLMAZ | C4: 12980258364 | D4: TR390001200133800001206274
A5: 4 | B5: ABDULKADİR AKÇAKOCA | C5: 10244285118 | D5: TR590001200133800001190879
A6: 5 | B6: ABDULKADİR ALPASLAN | C6: 47248051944 | D6: TR720001200133800001183370
A7: 6 | B7: ABDULKADİR EKİNCİ | C7: 30554505850 | D7: TR050001200133800001141896
A8: 7 | B8: ABDULKADİR TAŞPINAR | C8: 11576369514 | D8: TR470001200133800001209525
A9: 8 | B9: ABDULKADİR ÜSTÜNER | C9: 32120360108 | D9: TR070001200133800001196859 | E9: DİKKAT: KATILIMCI LİSTESİNİ ALFABETİK SIRALADIKTAN SONRA DEVAMSIZLIK FORMUNU GİRİNİZ. AKSİ HALDE KAYMA DOLAYISIYLA ÖDEMELER KARIŞABİLİR.
A10: 9 | B10: ABDÜLKADİR DÜK | C10: 46378087250 | D10: TR900001200133800001148999
A11: 10 | B11: ABDULLAH BİNGÖL | C11: 36059043460 | D11: TR120001200968500001052505
A12: 11 | B12: ABDULLAH ÇALIŞKAN | C12: 17987044460 | D12: TR120001200133800001183383
A13: 12 | B13: ABDULLAH İŞ | C13: 47635631308 | D13: TR490001200133800001179807
A14: 13 | B14: ABDULLAH ULUN | C14: 10850337096 | D14: TR350001200133800001192281
A15: 14 | B15: ABDULLAH YÜZGEÇ | C15: 13802183994 | D15: TR260001200133800001186720
A16: 15 | B16: ABDULSAMET KAYA | C16: 12734216152 | D16: TR310004601256888000151249
A17: 16 | B17: ABDULSAMET ÖZDEMİR | C17: 34354480898 | D17: TR830001200133800001199662
A18: 17 | B18: ABDULSAMET YAŞAR | C18: 12021022954 | D18: TR720001200133800001178811
A19: 18 | B19: ABDÜLVEKİL GÖK | C19: 12179215468 | D19: TR120001200133800001209476
A20: 19 | B20: ABDURRAHMAN YAVUZ | C20: 11516080912 | D20: TR430001009010737450905001
A21: 20 | B21: ABDURRAHMAN EMRE COŞKUN | C21: 58198589036 | D21: TR550001200133800001171357
... A1499: 1498 | B1499: ZÜMRÜT CEYLAN | C1499: 11060346304 | D1499: TR210001009010539326905001
A1500: 1499
A1501: 1500
A1502: 1501
A1503: 1502
A1504: 1503
A1505: 1504
A1506: 1505
A1507: 1506
A1508: 1507
A1509: 1508
A1510: 1509
A1511: 1510
... A3001: 3000

Sheet Üst Yazı
BA10: T.C.
BA14: …………………………………………………..
A15: Antet Evrak Sayısı Manuel Girilecektir
BA18: …………………………………………………..
BA28: Sayı : | BI28: …………….. | EE28: =TODAY() -> 46205
BA32: Konu : | BI32: ="İŞKUR Gençlik Programı Katılımcı Ücretleri ("&'!!! VERİLER !!!'!G9&")" -> İŞKUR Gençlik Programı Katılımcı Ücretleri (13324)
BA40: ÇALIŞMA VE İŞ KURUMU İL MÜDÜRLÜĞÜNE
DB44: ='!!! VERİLER !!!'!C17 -> GAZİANTEP
BA52: =" Kurumumuz ile İl Müdürlüğünüz arasında "&'!!! VERİLER !!!'!C14&"-"&'!!! VERİLER !!!'!C15& " tarihleri arasında işbirliği kapsamında düzenlenen İŞKUR Gençlik Programının "&'1-Devamsızlık Formu (Ek-4)'!P1&" "&'1-Devamsızlık Formu (Ek-4)'!C1&" dönemine ait hak ediş belgeleri yazımız ekinde olup, belirtilen tutarın aşağıda bilgileri verilen banka hesabımıza aktarılması hususunda;" -> Kurumumuz ile İl Müdürlüğünüz arasında 17.11.2025-30.06.2026 tarihleri arasında işbirliği kapsamında düzenlenen İŞKUR Gençlik Programının HAZİRAN 2026 dönemine ait hak ediş belgeleri yazımız ekinde olup, belirtilen tutarın aşağıda bilgileri verilen banka hesabımıza aktarılması hususunda;
BA69: Gereğini arz/rica ederim.
DF80: ='!!! VERİLER !!!'!C5 -> Mehmet Fatih EVYAPAN
DF84: ='!!! VERİLER !!!'!E5 -> Daire Başkanı
BA93: ='!!! VERİLER !!!'!C9 -> T.C. HALK BANKASI
BA97: Şube : | BL97: ='!!! VERİLER !!!'!E9 -> ÜNİVERSİTE UYDU ŞUBESİ
BA101: IBAN No : | BL101: ='!!! VERİLER !!!'!C8 -> TR310001200133800004000406
BA110: Program Portal No | BH110: Katılımcı Sayısı | BN110: Toplam Çalışma Gün Sayısı | BW110: Kısa Vadeli Sigorta Kolları Primi | CG110: Genel Sağlık Sigortası Primi | CP110: SGK Prim Toplamı | DA110: Katılımcılar İçin Net Ele Geçen | DJ110: İcra Kesintisi | DT110: Katrılımcılar İçin Ödenecek Ücret Toplamı | EE110: Hakediş Toplamı
BA121: ='!!! VERİLER !!!'!G9 -> 13324 | BH121: ='2-Bordro'!H2 -> 1482 | BN121: ='2-Bordro'!F3005 -> 17864 | BW121: ='2-Bordro'!H3005 -> 245630 | CG121: ='2-Bordro'!N3005 -> 1105335 | CP121: ='2-Bordro'!O3005 -> 1350965 | DA121: ='2-Bordro'!R3005 -> 24563000 | DJ121: ='2-Bordro'!Q3005 -> 0 | DT121: ='2-Bordro'!G3005 -> 24563000 | EE121: ='2-Bordro'!P3005 -> 25913965
BA131: EKLER
BA136: 1- Katılımcı Devamsızlık formu (1 adet, … sayfa),
BA140: 2- Katılımcı Devam ücret bordrosu (1 adet, … sayfa).
BA144: 3- Harcama Talimatı (1 adet, 1 sayfa)
BA148: 4- Banka Listesi (1 adet, ... sayfa)
BA177: ='!!! VERİLER !!!'!C10 -> GAZİANTEP Üniversitesi | CE177: ='!!! VERİLER !!!'!C11 -> 0342 360 14 51 | DI177: ='!!! VERİLER !!!'!C13 -> sksdb@gantep.edu.tr
CE182: ='!!! VERİLER !!!'!C12 -> 0342 360 10 13

Sheet 1-Devamsızlık Formu (Ek-4)
A1: Ait Olduğu Yıl | C1: 2026 | J1: Ait Olduğu Ay | P1: HAZİRAN | AI1: Ödenecek Yevmiye Sayısı | AJ1: ██ | AK1: İşe girmeden önceki ve İşten ayrıldıktan sonraki günlerin zemin rengi grileştirilecek. Tatil günleri boş kalacak. | BB1: ÇALIŞTIĞI GÜNLER (BOŞ KALACAK)
A2: İŞKUR Gençlik Programı No | J2: İŞKUR Gençlik Program Konusu | AJ2: Ü | AK2: Ücretsiz izin alan katılımcılar için seçilecek | BA2: ██ | BB2: İşe girmeden önceki ve İşten ayrıldıktan sonraki günler ile çalışmadığı günler için girilecek. Resmi ve idari tatillerde de bu kullanılacak. | BI2: ANA FAALİYET | BJ2: ALT FAALİYET
A3: İŞKUR Gençlik Program Başlama Tarihi | J3: İŞKUR Gençlik Program Bitiş Tarihi | AJ3: S | AK3: Rapor alan katılımcılar için seçilecek | BA3: İ | BB3: İZİN (ÜCRETSİZ) | BI3: 1. Sürdürülebilir Kampüs Faaliyetlerinin Desteklenmesi | BJ3: 1) Ağaçlandırma ve peyzaj düzenleme faaliyetlerinin desteklenmesi | BK3: 1. Sürdürülebilir Kampüs Faaliyetlerinin Desteklenmesi | BL3: sü
A4: Yüklenici Adı | J4: Yüklenici Yetkilisi Ad, Soyad | AJ4: M | AK4: Mazeret izni alan katılımcılar için seçilecek | AT4: 1 | AU4: OCAK | AV4: 2024 | AX4: FAALİYET ALANI | AY4: ALT FAALİYET ALANI | BA4: S | BB4: SAĞLIK RAPORU | BI4: 1. Sürdürülebilir Kampüs Faaliyetlerinin Desteklenmesi | BJ4: 2) Geri dönüşüm, atık yönetimi ve sıfır atık projelerinin desteklenmesi | BK4: 2. Kampüs Altyapı ve Bakım Faaliyetlerinin Desteklenmesi | BL4: ka
A5: Katılımcı Bilgileri | D5: Günler | AJ5: İ | AK5: İş Kazası nedeniyle izin alan katılımcılar için seçilecek | AT5: 2 | AU5: ŞUBAT | AV5: 2025 | BA5: İK | BB5: İŞ KAZASI VE MESLEK HASTALIĞI | BI5: 1. Sürdürülebilir Kampüs Faaliyetlerinin Desteklenmesi | BJ5: 3) Biyolojik çeşitliliğin korunması ve doğal yaşam alanlarının restorasyon faaliyetlerinin desteklenmesi | BK5: 3. Sosyal ve Kültürel Faaliyetlerin Desteklenmesi | BL5: so
A6: Sıra | B6: TC Kimlik No | C6: Ad Soyad | D6: 1 | E6: 2 | F6: 3 | G6: 4 | H6: 5 | I6: 6 | J6: 7 | K6: 8 | L6: 9 | M6: 10 | N6: 11 | O6: 12 | P6: 13 | Q6: 14 | R6: 15 | S6: 16 | T6: 17 | U6: 18 | V6: 19 | W6: 20 | X6: 21 | Y6: 22 | Z6: 23 | AA6: 24 | AB6: 25 | AC6: 26 | AD6: 27 | AE6: 28 | AF6: =IF(P1=AU5,"-",29) -> 29 | AG6: =IF(P1=AU5,"-",30) -> 30 | AH6: =IF(P1=AU4,AP7,IF(P1=AU5,AS7,IF(P1=AU6,AP7,IF(P1=AU7,AS7,IF(P1=AU8,AP7,IF(P1=AU9,AS7,IF(P1=AU10,AP7,IF(P1=AU11,AP7,IF(P1=AU12,AS7,IF(P1=AU13,AP7,IF(P1=AU14,AS7,IF(P1=AU15,AP7,)))))))))))) -> - | AJ6: D | AK6: Mazeretsiz işe gelmeyen katılımcılar için seçilecek. | AT6: 3 | AU6: MART | BA6: MG | BB6: MAZERETSİZ GELMEME | BI6: 1. Sürdürülebilir Kampüs Faaliyetlerinin Desteklenmesi | BJ6: 4) Enerji verimliliği projelerinin desteklenmesi | BK6: 4. Akademik ve İdari Faaliyetlerin Desteklenmesi | BL6: ak
A7: 1 | B7: 11231264864 | C7: ABDÜLAZİZ BÜYÜKDEMİR | G7: ██ | H7: ██ | I7: ██ | J7: ██ | N7: ██ | O7: ██ | P7: ██ | Q7: ██ | U7: ██ | V7: ██ | W7: ██ | X7: ██ | AB7: ██ | AC7: ██ | AD7: ██ | AE7: ██ | AI7: =COUNTBLANK(D7:AG7) -> 14 | AJ7: =IF(B7>10000000,AI7,0) -> 14 | AK7: =AO7-AN7 -> 0 | AM7: =MONTH(AW7) -> 6 | AN7: =COUNTA(D7:AH7) -> 30 | AO7: =IF(AM7=1,AP7,IF(AM7=2,AR7,IF(AM7=3,AP7,IF(AM7=4,AQ7,IF(AM7=5,AP7,IF(AM7=6,AQ7,IF(AM7=7,AP7,IF(AM7=8,AP7,IF(AM7=9,AQ7,IF(AM7=10,AP7,IF(AM7=11,AQ7,IF(AM7=12,AP7)))))))))))) -> 30 | AP7: 31 | AQ7: 30 | AR7: 28 | AS7: - | AT7: 4 | AU7: NİSAN | AW7: =CONCATENATE(P1,AS1,C1) -> HAZİRAN 2026 | AZ7: =VLOOKUP(AX7,$BK$3:$BL$10,2,FALSE) -> #N/A | BA7: M | BB7: MAZERETLİ (HÜKÜMLÜ/TUTUKLU/GÖZALTI) | BI7: 1. Sürdürülebilir Kampüs Faaliyetlerinin Desteklenmesi | BJ7: 5) Su tasarrufu ve yağmur suyu hasadı projelerinin desteklenmesi | BK7: 5. Toplumsal Hizmet ve İşbirliği Faaliyetlerinin Desteklenmesi | BL7: to
A8: 2 | B8: 51664708658 | C8: ABDULBAKİ DALGIN | D8: ██ | E8: ██ | I8: ██ | J8: ██ | N8: ██ | O8: ██ | P8: ██ | Q8: ██ | U8: ██ | V8: ██ | W8: ██ | X8: ██ | AB8: ██ | AC8: ██ | AD8: ██ | AE8: ██ | AI8: =COUNTBLANK(D8:AG8) -> 14 | AJ8: =IF(B8>10000000,AI8,0) -> 14 | AK8: =AO8-AN8 -> 0 | AL8: ██ | AM8: =MONTH(AW8) -> 6 | AN8: =COUNTA(D8:AH8) -> 30 | AO8: =IF(AM8=1,AP8,IF(AM8=2,AR8,IF(AM8=3,AP8,IF(AM8=4,AQ8,IF(AM8=5,AP8,IF(AM8=6,AQ8,IF(AM8=7,AP8,IF(AM8=8,AP8,IF(AM8=9,AQ8,IF(AM8=10,AP8,IF(AM8=11,AQ8,IF(AM8=12,AP8)))))))))))) -> 30 | AP8: 31 | AQ8: 30 | AR8: 28 | AT8: 5 | AU8: MAYIS | AW8: =$AW$7 -> HAZİRAN 2026 | AZ8: =VLOOKUP(AX8,$BK$3:$BL$10,2,FALSE) -> #N/A | BA8: İD | BB8: İDARİ İZİN | BI8: 2. Kampüs Altyapı ve Bakım Faaliyetlerinin Desteklenmesi | BJ8: 1) Engelsiz kampüs uygulamalarının desteklenmesi | BK8: 6. Öğrenci Gelişim ve Uyum Faaliyetlerinin Desteklenmesi | BL8: öğ
A9: 3 | B9: 12980258364 | C9: ABDULBASİT YİLMAZ | D9: ██ | H9: ██ | I9: ██ | J9: ██ | K9: ██ | O9: ██ | P9: ██ | Q9: ██ | R9: ██ | V9: ██ | W9: ██ | X9: ██ | Y9: ██ | Z9: İ | AA9: İ | AB9: İ | AC9: ██ | AD9: ██ | AE9: ██ | AI9: =COUNTBLANK(D9:AG9) -> 11 | AJ9: =IF(B9>10000000,AI9,0) -> 11 | AK9: =AO9-AN9 -> 0 | AL9: İ | AM9: =MONTH(AW9) -> 6 | AN9: =COUNTA(D9:AH9) -> 30 | AO9: =IF(AM9=1,AP9,IF(AM9=2,AR9,IF(AM9=3,AP9,IF(AM9=4,AQ9,IF(AM9=5,AP9,IF(AM9=6,AQ9,IF(AM9=7,AP9,IF(AM9=8,AP9,IF(AM9=9,AQ9,IF(AM9=10,AP9,IF(AM9=11,AQ9,IF(AM9=12,AP9)))))))))))) -> 30 | AP9: 31 | AQ9: 30 | AR9: 28 | AT9: 6 | AU9: HAZİRAN | AW9: =$AW$7 -> HAZİRAN 2026 | AZ9: =VLOOKUP(AX9,$BK$3:$BL$10,2,FALSE) -> #N/A | BA9: G | BB9: PROGRAMA GEÇ BAŞLADI | BI9: 2. Kampüs Altyapı ve Bakım Faaliyetlerinin Desteklenmesi | BJ9: 2) Kampüs bilgi sistemleri ve teknolojik altyapının desteklenmesi | BK9: 7. Dijital Dönüşüm ve İnovasyon Faaliyetlerinin Desteklenmesi | BL9: di
A10: 4 | B10: 10244285118 | C10: ABDULKADİR AKÇAKOCA | G10: ██ | H10: ██ | I10: ██ | J10: ██ | N10: ██ | O10: ██ | P10: ██ | Q10: ██ | U10: ██ | V10: ██ | W10: ██ | X10: ██ | AB10: ██ | AC10: ██ | AD10: ██ | AE10: ██ | AI10: =COUNTBLANK(D10:AG10) -> 14 | AJ10: =IF(B10>10000000,AI10,0) -> 14 | AK10: =AO10-AN10 -> 0 | AL10: S | AM10: =MONTH(AW10) -> 6 | AN10: =COUNTA(D10:AH10) -> 30 | AO10: =IF(AM10=1,AP10,IF(AM10=2,AR10,IF(AM10=3,AP10,IF(AM10=4,AQ10,IF(AM10=5,AP10,IF(AM10=6,AQ10,IF(AM10=7,AP10,IF(AM10=8,AP10,IF(AM10=9,AQ10,IF(AM10=10,AP10,IF(AM10=11,AQ10,IF(AM10=12,AP10)))))))))))) -> 30 | AP10: 31 | AQ10: 30 | AR10: 28 | AT10: 7 | AU10: TEMMUZ | AW10: =$AW$7 -> HAZİRAN 2026 | AZ10: =VLOOKUP(AX10,$BK$3:$BL$10,2,FALSE) -> #N/A | BA10: KK | BB10: Kurum Kapalı Günü | BI10: 3. Sosyal ve Kültürel Faaliyetlerin Desteklenmesi | BJ10: 1) Spor ve rekreasyon faaliyetlerinin desteklenmesi | BK10: 8. Girişimcilik Ekosistemi Faaliyetlerinin Desteklenmesi | BL10: gi
A11: 5 | B11: 47248051944 | C11: ABDULKADİR ALPASLAN | G11: ██ | H11: ██ | I11: ██ | J11: ██ | N11: ██ | O11: ██ | P11: ██ | Q11: ██ | U11: ██ | V11: ██ | W11: ██ | X11: ██ | AB11: ██ | AC11: ██ | AD11: ██ | AE11: ██ | AI11: =COUNTBLANK(D11:AG11) -> 14 | AJ11: =IF(B11>10000000,AI11,0) -> 14 | AK11: =AO11-AN11 -> 0 | AL11: İK | AM11: =MONTH(AW11) -> 6 | AN11: =COUNTA(D11:AH11) -> 30 | AO11: =IF(AM11=1,AP11,IF(AM11=2,AR11,IF(AM11=3,AP11,IF(AM11=4,AQ11,IF(AM11=5,AP11,IF(AM11=6,AQ11,IF(AM11=7,AP11,IF(AM11=8,AP11,IF(AM11=9,AQ11,IF(AM11=10,AP11,IF(AM11=11,AQ11,IF(AM11=12,AP11)))))))))))) -> 30 | AP11: 31 | AQ11: 30 | AR11: 28 | AT11: 8 | AU11: AĞUSTOS | AW11: =$AW$7 -> HAZİRAN 2026 | AZ11: =VLOOKUP(AX11,$BK$3:$BL$10,2,FALSE) -> #N/A | BI11: 3. Sosyal ve Kültürel Faaliyetlerin Desteklenmesi | BJ11: 2) Kültür-sanat etkinliklerinin organizasyonunun desteklenmesi
A12: 6 | B12: 30554505850 | C12: ABDULKADİR EKİNCİ | D12: ██ | H12: ██ | I12: ██ | J12: ██ | K12: ██ | M12: ██ | P12: ██ | Q12: ██ | U12: ██ | V12: ██ | W12: ██ | X12: ██ | AB12: ██ | AC12: ██ | AD12: ██ | AE12: ██ | AI12: =COUNTBLANK(D12:AG12) -> 14 | AJ12: =IF(B12>10000000,AI12,0) -> 14 | AK12: =AO12-AN12 -> 0 | AL12: MG | AM12: =MONTH(AW12) -> 6 | AN12: =COUNTA(D12:AH12) -> 30 | AO12: =IF(AM12=1,AP12,IF(AM12=2,AR12,IF(AM12=3,AP12,IF(AM12=4,AQ12,IF(AM12=5,AP12,IF(AM12=6,AQ12,IF(AM12=7,AP12,IF(AM12=8,AP12,IF(AM12=9,AQ12,IF(AM12=10,AP12,IF(AM12=11,AQ12,IF(AM12=12,AP12)))))))))))) -> 30 | AP12: 31 | AQ12: 30 | AR12: 28 | AT12: 9 | AU12: EYLÜL | AW12: =$AW$7 -> HAZİRAN 2026 | AZ12: =VLOOKUP(AX12,$BK$3:$BL$10,2,FALSE) -> #N/A | BI12: 3. Sosyal ve Kültürel Faaliyetlerin Desteklenmesi | BJ12: 3) Öğrenci kulüp ve topluluk faaliyetlerinin desteklenmesi
A13: 7 | B13: 11576369514 | C13: ABDULKADİR TAŞPINAR | G13: ██ | H13: ██ | I13: ██ | J13: ██ | N13: ██ | O13: ██ | P13: ██ | Q13: ██ | R13: ██ | S13: ██ | T13: ██ | U13: ██ | V13: ██ | W13: ██ | X13: ██ | Y13: ██ | Z13: ██ | AA13: ██ | AB13: ██ | AC13: ██ | AD13: ██ | AE13: ██ | AF13: ██ | AG13: ██ | AI13: =COUNTBLANK(D13:AG13) -> 6 | AJ13: =IF(B13>10000000,AI13,0) -> 6 | AK13: =AO13-AN13 -> 0 | AL13: M | AM13: =MONTH(AW13) -> 6 | AN13: =COUNTA(D13:AH13) -> 30 | AO13: =IF(AM13=1,AP13,IF(AM13=2,AR13,IF(AM13=3,AP13,IF(AM13=4,AQ13,IF(AM13=5,AP13,IF(AM13=6,AQ13,IF(AM13=7,AP13,IF(AM13=8,AP13,IF(AM13=9,AQ13,IF(AM13=10,AP13,IF(AM13=11,AQ13,IF(AM13=12,AP13)))))))))))) -> 30 | AP13: 31 | AQ13: 30 | AR13: 28 | AT13: 10 | AU13: EKİM | AW13: =$AW$7 -> HAZİRAN 2026 | AZ13: =VLOOKUP(AX13,$BK$3:$BL$10,2,FALSE) -> #N/A | BI13: 3. Sosyal ve Kültürel Faaliyetlerin Desteklenmesi | BJ13: 4) Sosyal sorumluluk projelerinin desteklenmesi
A14: 8 | B14: 32120360108 | C14: ABDULKADİR ÜSTÜNER | G14: ██ | H14: ██ | I14: ██ | J14: ██ | N14: ██ | O14: ██ | P14: ██ | Q14: ██ | U14: ██ | V14: ██ | W14: ██ | X14: ██ | Y14: İ | Z14: İ | AA14: İ | AB14: ██ | AC14: ██ | AD14: ██ | AE14: ██ | AF14: İ | AG14: MG | AI14: =COUNTBLANK(D14:AG14) -> 9 | AJ14: =IF(B14>10000000,AI14,0) -> 9 | AK14: =AO14-AN14 -> 0 | AL14: İD | AM14: =MONTH(AW14) -> 6 | AN14: =COUNTA(D14:AH14) -> 30 | AO14: =IF(AM14=1,AP14,IF(AM14=2,AR14,IF(AM14=3,AP14,IF(AM14=4,AQ14,IF(AM14=5,AP14,IF(AM14=6,AQ14,IF(AM14=7,AP14,IF(AM14=8,AP14,IF(AM14=9,AQ14,IF(AM14=10,AP14,IF(AM14=11,AQ14,IF(AM14=12,AP14)))))))))))) -> 30 | AP14: 31 | AQ14: 30 | AR14: 28 | AT14: 11 | AU14: KASIM | AW14: =$AW$7 -> HAZİRAN 2026 | AZ14: =VLOOKUP(AX14,$BK$3:$BL$10,2,FALSE) -> #N/A | BI14: 3. Sosyal ve Kültürel Faaliyetlerin Desteklenmesi | BJ14: 5) Uluslararası öğrenci entegrasyon programlarının desteklenmesi
A15: 9 | B15: 46378087250 | C15: ABDÜLKADİR DÜK | G15: ██ | H15: ██ | I15: ██ | J15: ██ | N15: ██ | O15: ██ | P15: ██ | Q15: ██ | U15: ██ | V15: ██ | W15: ██ | X15: ██ | AB15: ██ | AC15: ██ | AD15: ██ | AE15: ██ | AI15: =COUNTBLANK(D15:AG15) -> 14 | AJ15: =IF(B15>10000000,AI15,0) -> 14 | AK15: =AO15-AN15 -> 0 | AL15: G | AM15: =MONTH(AW15) -> 6 | AN15: =COUNTA(D15:AH15) -> 30 | AO15: =IF(AM15=1,AP15,IF(AM15=2,AR15,IF(AM15=3,AP15,IF(AM15=4,AQ15,IF(AM15=5,AP15,IF(AM15=6,AQ15,IF(AM15=7,AP15,IF(AM15=8,AP15,IF(AM15=9,AQ15,IF(AM15=10,AP15,IF(AM15=11,AQ15,IF(AM15=12,AP15)))))))))))) -> 30 | AP15: 31 | AQ15: 30 | AR15: 28 | AT15: 12 | AU15: ARALIK | AW15: =$AW$7 -> HAZİRAN 2026 | AZ15: =VLOOKUP(AX15,$BK$3:$BL$10,2,FALSE) -> #N/A | BI15: 4. Akademik ve İdari Faaliyetlerin Desteklenmesi | BJ15: 1) Kütüphane ve Dokümantasyon Faaliyetle
A16: 10 | B16: 36059043460 | C16: ABDULLAH BİNGÖL | G16: ██ | H16: ██ | I16: ██ | J16: ██ | N16: ██ | O16: ██ | P16: ██ | Q16: ██ | U16: ██ | V16: ██ | W16: ██ | X16: ██ | AB16: ██ | AC16: ██ | AD16: ██ | AE16: ██ | AI16: =COUNTBLANK(D16:AG16) -> 14 | AJ16: =IF(B16>10000000,AI16,0) -> 14 | AK16: =AO16-AN16 -> 0 | AL16: KK | AM16: =MONTH(AW16) -> 6 | AN16: =COUNTA(D16:AH16) -> 30 | AO16: =IF(AM16=1,AP16,IF(AM16=2,AR16,IF(AM16=3,AP16,IF(AM16=4,AQ16,IF(AM16=5,AP16,IF(AM16=6,AQ16,IF(AM16=7,AP16,IF(AM16=8,AP16,IF(AM16=9,AQ16,IF(AM16=10,AP16,IF(AM16=11,AQ16,IF(AM16=12,AP16)))))))))))) -> 30 | AP16: 31 | AQ16: 30 | AR16: 28 | AT16: 13 | AW16: =$AW$7 -> HAZİRAN 2026 | AZ16: =VLOOKUP(AX16,$BK$3:$BL$10,2,FALSE) -> #N/A | BI16: 4. Akademik ve İdari Faaliyetlerin Desteklenmesi | BJ16: 2) Laboratuvar ve Araştırma Faaliyetleri
A17: 11 | B17: 17987044460 | C17: ABDULLAH ÇALIŞKAN | G17: ██ | H17: ██ | I17: ██ | J17: ██ | N17: ██ | O17: ██ | P17: ██ | Q17: ██ | U17: ██ | V17: ██ | W17: ██ | X17: ██ | AB17: ██ | AC17: ██ | AD17: ██ | AE17: ██ | AF17: MG | AG17: MG | AI17: =COUNTBLANK(D17:AG17) -> 12 | AJ17: =IF(B17>10000000,AI17,0) -> 12 | AK17: =AO17-AN17 -> 0 | AM17: =MONTH(AW17) -> 6 | AN17: =COUNTA(D17:AH17) -> 30 | AO17: =IF(AM17=1,AP17,IF(AM17=2,AR17,IF(AM17=3,AP17,IF(AM17=4,AQ17,IF(AM17=5,AP17,IF(AM17=6,AQ17,IF(AM17=7,AP17,IF(AM17=8,AP17,IF(AM17=9,AQ17,IF(AM17=10,AP17,IF(AM17=11,AQ17,IF(AM17=12,AP17)))))))))))) -> 30 | AP17: 31 | AQ17: 30 | AR17: 28 | AT17: 14 | AW17: =$AW$7 -> HAZİRAN 2026 | AZ17: =VLOOKUP(AX17,$BK$3:$BL$10,2,FALSE) -> #N/A | BI17: 4. Akademik ve İdari Faaliyetlerin Desteklenmesi | BJ17: 3) İdari Birim Faaliyetleri
A18: 12 | B18: 47635631308 | C18: ABDULLAH İŞ | G18: ██ | H18: ██ | I18: ██ | J18: ██ | N18: ██ | O18: ██ | P18: ██ | Q18: ██ | R18: İ | S18: İ | T18: İ | U18: ██ | V18: ██ | W18: ██ | X18: ██ | Y18: ██ | Z18: ██ | AA18: ██ | AB18: ██ | AC18: ██ | AD18: ██ | AE18: ██ | AF18: ██ | AG18: ██ | AI18: =COUNTBLANK(D18:AG18) -> 6 | AJ18: =IF(B18>10000000,AI18,0) -> 6 | AK18: =AO18-AN18 -> 0 | AM18: =MONTH(AW18) -> 6 | AN18: =COUNTA(D18:AH18) -> 30 | AO18: =IF(AM18=1,AP18,IF(AM18=2,AR18,IF(AM18=3,AP18,IF(AM18=4,AQ18,IF(AM18=5,AP18,IF(AM18=6,AQ18,IF(AM18=7,AP18,IF(AM18=8,AP18,IF(AM18=9,AQ18,IF(AM18=10,AP18,IF(AM18=11,AQ18,IF(AM18=12,AP18)))))))))))) -> 30 | AP18: 31 | AQ18: 30 | AR18: 28 | AT18: 15 | AW18: =$AW$7 -> HAZİRAN 2026 | AZ18: =VLOOKUP(AX18,$BK$3:$BL$10,2,FALSE) -> #N/A | BI18: 5. Toplumsal Hizmet ve İşbirliği Faaliyetlerinin Desteklenmesi | BJ18: 1) Toplum sağlığı ve rehberlik faaliyetlerinin desteklenmesi
A19: 13 | B19: 10850337096 | C19: ABDULLAH ULUN | G19: ██ | H19: ██ | I19: ██ | J19: ██ | N19: ██ | O19: ██ | P19: ██ | Q19: ██ | U19: ██ | V19: ██ | W19: ██ | X19: ██ | AB19: ██ | AC19: ██ | AD19: ██ | AE19: ██ | AF19: İ | AG19: İ | AI19: =COUNTBLANK(D19:AG19) -> 12 | AJ19: =IF(B19>10000000,AI19,0) -> 12 | AK19: =AO19-AN19 -> 0 | AM19: =MONTH(AW19) -> 6 | AN19: =COUNTA(D19:AH19) -> 30 | AO19: =IF(AM19=1,AP19,IF(AM19=2,AR19,IF(AM19=3,AP19,IF(AM19=4,AQ19,IF(AM19=5,AP19,IF(AM19=6,AQ19,IF(AM19=7,AP19,IF(AM19=8,AP19,IF(AM19=9,AQ19,IF(AM19=10,AP19,IF(AM19=11,AQ19,IF(AM19=12,AP19)))))))))))) -> 30 | AP19: 31 | AQ19: 30 | AR19: 28 | AT19: 16 | AW19: =$AW$7 -> HAZİRAN 2026 | AZ19: =VLOOKUP(AX19,$BK$3:$BL$10,2,FALSE) -> #N/A | BI19: 5. Toplumsal Hizmet ve İşbirliği Faaliyetlerinin Desteklenmesi | BJ19: 2) Kampüs içi işbirliği projelerinin desteklenmesi
A20: 14 | B20: 13802183994 | C20: ABDULLAH YÜZGEÇ | E20: ██ | F20: ██ | G20: ██ | H20: ██ | L20: ██ | M20: ██ | N20: ██ | O20: ██ | S20: ██ | T20: ██ | U20: ██ | V20: ██ | Z20: ██ | AA20: ██ | AB20: ██ | AC20: ██ | AG20: ██ | AI20: =COUNTBLANK(D20:AG20) -> 13 | AJ20: =IF(B20>10000000,AI20,0) -> 13 | AK20: =AO20-AN20 -> 0 | AM20: =MONTH(AW20) -> 6 | AN20: =COUNTA(D20:AH20) -> 30 | AO20: =IF(AM20=1,AP20,IF(AM20=2,AR20,IF(AM20=3,AP20,IF(AM20=4,AQ20,IF(AM20=5,AP20,IF(AM20=6,AQ20,IF(AM20=7,AP20,IF(AM20=8,AP20,IF(AM20=9,AQ20,IF(AM20=10,AP20,IF(AM20=11,AQ20,IF(AM20=12,AP20)))))))))))) -> 30 | AP20: 31 | AQ20: 30 | AR20: 28 | AT20: 17 | AW20: =$AW$7 -> HAZİRAN 2026 | AZ20: =VLOOKUP(AX20,$BK$3:$BL$10,2,FALSE) -> #N/A | BI20: 5. Toplumsal Hizmet ve İşbirliği Faaliyetlerinin Desteklenmesi | BJ20: 3) Sosyal inovasyon ve girişimcilik projelerinin desteklenmesi
A21: 15 | B21: 12734216152 | C21: ABDULSAMET KAYA | D21: ██ | H21: ██ | I21: ██ | J21: ██ | K21: ██ | O21: ██ | P21: ██ | Q21: ██ | R21: ██ | V21: ██ | W21: ██ | X21: ██ | Y21: ██ | AC21: ██ | AD21: ██ | AE21: ██ | AI21: =COUNTBLANK(D21:AG21) -> 14 | AJ21: =IF(B21>10000000,AI21,0) -> 14 | AK21: =AO21-AN21 -> 0 | AM21: =MONTH(AW21) -> 6 | AN21: =COUNTA(D21:AH21) -> 30 | AO21: =IF(AM21=1,AP21,IF(AM21=2,AR21,IF(AM21=3,AP21,IF(AM21=4,AQ21,IF(AM21=5,AP21,IF(AM21=6,AQ21,IF(AM21=7,AP21,IF(AM21=8,AP21,IF(AM21=9,AQ21,IF(AM21=10,AP21,IF(AM21=11,AQ21,IF(AM21=12,AP21)))))))))))) -> 30 | AP21: 31 | AQ21: 30 | AR21: 28 | AT21: 18 | AW21: =$AW$7 -> HAZİRAN 2026 | AZ21: =VLOOKUP(AX21,$BK$3:$BL$10,2,FALSE) -> #N/A | BI21: 5. Toplumsal Hizmet ve İşbirliği Faaliyetlerinin Desteklenmesi | BJ21: 4) Yaşam boyu öğrenme faaliyetlerinin desteklenmesi
A22: 16 | B22: 34354480898 | C22: ABDULSAMET ÖZDEMİR | E22: ██ | G22: ██ | I22: ██ | J22: ██ | L22: ██ | N22: ██ | P22: ██ | Q22: ██ | S22: ██ | U22: ██ | W22: ██ | X22: ██ | Y22: MG | Z22: ██ | AA22: MG | AB22: ██ | AC22: MG | AD22: ██ | AE22: ██ | AF22: MG | AG22: ██ | AI22: =COUNTBLANK(D22:AG22) -> 9 | AJ22: =IF(B22>10000000,AI22,0) -> 9 | AK22: =AO22-AN22 -> 0 | AM22: =MONTH(AW22) -> 6 | AN22: =COUNTA(D22:AH22) -> 30 | AO22: =IF(AM22=1,AP22,IF(AM22=2,AR22,IF(AM22=3,AP22,IF(AM22=4,AQ22,IF(AM22=5,AP22,IF(AM22=6,AQ22,IF(AM22=7,AP22,IF(AM22=8,AP22,IF(AM22=9,AQ22,IF(AM22=10,AP22,IF(AM22=11,AQ22,IF(AM22=12,AP22)))))))))))) -> 30 | AP22: 31 | AQ22: 30 | AR22: 28 | AT22: 19 | AW22: =$AW$7 -> HAZİRAN 2026 | AZ22: =VLOOKUP(AX22,$BK$3:$BL$10,2,FALSE) -> #N/A | BI22: 6. Öğrenci Gelişim ve Uyum Faaliyetlerinin Desteklenmesi | BJ22: 1) Akran Danışmanlığı Faaliyetlerinin Desteklenmesi
A23: 17 | B23: 12021022954 | C23: ABDULSAMET YAŞAR | G23: ██ | H23: ██ | I23: ██ | J23: ██ | L23: İ | N23: ██ | O23: ██ | P23: ██ | Q23: ██ | R23: İ | U23: ██ | V23: ██ | W23: ██ | X23: ██ | Z23: İ | AB23: ██ | AC23: ██ | AD23: ██ | AE23: ██ | AI23: =COUNTBLANK(D23:AG23) -> 11 | AJ23: =IF(B23>10000000,AI23,0) -> 11 | AK23: =AO23-AN23 -> 0 | AM23: =MONTH(AW23) -> 6 | AN23: =COUNTA(D23:AH23) -> 30 | AO23: =IF(AM23=1,AP23,IF(AM23=2,AR23,IF(AM23=3,AP23,IF(AM23=4,AQ23,IF(AM23=5,AP23,IF(AM23=6,AQ23,IF(AM23=7,AP23,IF(AM23=8,AP23,IF(AM23=9,AQ23,IF(AM23=10,AP23,IF(AM23=11,AQ23,IF(AM23=12,AP23)))))))))))) -> 30 | AP23: 31 | AQ23: 30 | AR23: 28 | AT23: 20 | AW23: =$AW$7 -> HAZİRAN 2026 | AZ23: =VLOOKUP(AX23,$BK$3:$BL$10,2,FALSE) -> #N/A | BI23: 6. Öğrenci Gelişim ve Uyum Faaliyetlerinin Desteklenmesi | BJ23: 2) Uluslararası Öğrenci Entegrasyon Faaliyetleri
A24: 18 | B24: 12179215468 | C24: ABDÜLVEKİL GÖK | G24: ██ | H24: ██ | I24: ██ | J24: ██ | N24: ██ | O24: ██ | P24: ██ | Q24: ██ | R24: MG | S24: MG | T24: MG | U24: ██ | V24: ██ | W24: ██ | X24: ██ | Y24: MG | Z24: MG | AA24: MG | AB24: ██ | AC24: ██ | AD24: ██ | AE24: ██ | AF24: MG | AG24: MG | AI24: =COUNTBLANK(D24:AG24) -> 6 | AJ24: =IF(B24>10000000,AI24,0) -> 6 | AK24: =AO24-AN24 -> 0 | AM24: =MONTH(AW24) -> 6 | AN24: =COUNTA(D24:AH24) -> 30 | AO24: =IF(AM24=1,AP24,IF(AM24=2,AR24,IF(AM24=3,AP24,IF(AM24=4,AQ24,IF(AM24=5,AP24,IF(AM24=6,AQ24,IF(AM24=7,AP24,IF(AM24=8,AP24,IF(AM24=9,AQ24,IF(AM24=10,AP24,IF(AM24=11,AQ24,IF(AM24=12,AP24)))))))))))) -> 30 | AP24: 31 | AQ24: 30 | AR24: 28 | AT24: 21 | AW24: =$AW$7 -> HAZİRAN 2026 | AZ24: =VLOOKUP(AX24,$BK$3:$BL$10,2,FALSE) -> #N/A | BI24: 6. Öğrenci Gelişim ve Uyum Faaliyetlerinin Desteklenmesi | BJ24: 3) Kariyer Gelişim Faaliyetlerinin Desteklenmesi
A25: 19 | B25: 11516080912 | C25: ABDURRAHMAN YAVUZ | G25: ██ | H25: ██ | I25: ██ | J25: ██ | N25: ██ | O25: ██ | P25: ██ | Q25: ██ | U25: ██ | V25: ██ | W25: ██ | X25: ██ | Y25: ██ | Z25: ██ | AA25: ██ | AB25: ██ | AC25: ██ | AD25: ██ | AE25: ██ | AF25: ██ | AG25: ██ | AI25: =COUNTBLANK(D25:AG25) -> 9 | AJ25: =IF(B25>10000000,AI25,0) -> 9 | AK25: =AO25-AN25 -> 0 | AM25: =MONTH(AW25) -> 6 | AN25: =COUNTA(D25:AH25) -> 30 | AO25: =IF(AM25=1,AP25,IF(AM25=2,AR25,IF(AM25=3,AP25,IF(AM25=4,AQ25,IF(AM25=5,AP25,IF(AM25=6,AQ25,IF(AM25=7,AP25,IF(AM25=8,AP25,IF(AM25=9,AQ25,IF(AM25=10,AP25,IF(AM25=11,AQ25,IF(AM25=12,AP25)))))))))))) -> 30 | AP25: 31 | AQ25: 30 | AR25: 28 | AT25: 22 | AW25: =$AW$7 -> HAZİRAN 2026 | AZ25: =VLOOKUP(AX25,$BK$3:$BL$10,2,FALSE) -> #N/A | BI25: 7. Dijital Dönüşüm ve İnovasyon Faaliyetlerinin Desteklenmesi | BJ25: 1) Dijital İçerik Geliştirme
A26: 20 | B26: 58198589036 | C26: ABDURRAHMAN EMRE COŞKUN | D26: ██ | H26: ██ | I26: ██ | J26: ██ | K26: ██ | O26: ██ | P26: ██ | Q26: ██ | R26: ██ | V26: ██ | W26: ██ | X26: ██ | Y26: ██ | AC26: ██ | AD26: ██ | AE26: ██ | AF26: ██ | AG26: MG | AI26: =COUNTBLANK(D26:AG26) -> 12 | AJ26: =IF(B26>10000000,AI26,0) -> 12 | AK26: =AO26-AN26 -> 0 | AM26: =MONTH(AW26) -> 6 | AN26: =COUNTA(D26:AH26) -> 30 | AO26: =IF(AM26=1,AP26,IF(AM26=2,AR26,IF(AM26=3,AP26,IF(AM26=4,AQ26,IF(AM26=5,AP26,IF(AM26=6,AQ26,IF(AM26=7,AP26,IF(AM26=8,AP26,IF(AM26=9,AQ26,IF(AM26=10,AP26,IF(AM26=11,AQ26,IF(AM26=12,AP26)))))))))))) -> 30 | AP26: 31 | AQ26: 30 | AR26: 28 | AT26: 23 | AW26: =$AW$7 -> HAZİRAN 2026 | AZ26: =VLOOKUP(AX26,$BK$3:$BL$10,2,FALSE) -> #N/A | BI26: 7. Dijital Dönüşüm ve İnovasyon Faaliyetlerinin Desteklenmesi | BJ26: 2) Teknoloji Destek Hizmetlerinin Desteklenmesi
A27: 21 | B27: 12964210364 | C27: ABDURRAHMAN İHSAN ERDEMİR | F27: ██ | G27: ██ | I27: ██ | J27: ██ | M27: ██ | N27: ██ | P27: ██ | Q27: ██ | T27: ██ | U27: ██ | W27: ██ | X27: ██ | Y27: İ | Z27: İ | AA27: ██ | AB27: ██ | AC27: İ | AD27: ██ | AE27: ██ | AF27: İ | AG27: İ | AI27: =COUNTBLANK(D27:AG27) -> 9 | AJ27: =IF(B27>10000000,AI27,0) -> 9 | AK27: =AO27-AN27 -> 0 | AM27: =MONTH(AW27) -> 6 | AN27: =COUNTA(D27:AH27) -> 30 | AO27: =IF(AM27=1,AP27,IF(AM27=2,AR27,IF(AM27=3,AP27,IF(AM27=4,AQ27,IF(AM27=5,AP27,IF(AM27=6,AQ27,IF(AM27=7,AP27,IF(AM27=8,AP27,IF(AM27=9,AQ27,IF(AM27=10,AP27,IF(AM27=11,AQ27,IF(AM27=12,AP27)))))))))))) -> 30 | AP27: 31 | AQ27: 30 | AR27: 28 | AT27: 24 | AW27: =$AW$7 -> HAZİRAN 2026 | AZ27: =VLOOKUP(AX27,$BK$3:$BL$10,2,FALSE) -> #N/A | BI27: 8. Girişimcilik Ekosistemi Faaliyetlerinin Desteklenmesi | BJ27: 1) Kuluçka Merkezi Operasyonları
A28: 22 | B28: 15580962310 | C28: ABDURRAHMAN KADİR ÇETİN | G28: ██ | H28: ██ | I28: ██ | J28: ██ | N28: ██ | O28: ██ | P28: ██ | Q28: ██ | U28: ██ | V28: ██ | W28: ██ | X28: ██ | AB28: ██ | AC28: ██ | AD28: ██ | AE28: ██ | AI28: =COUNTBLANK(D28:AG28) -> 14 | AJ28: =IF(B28>10000000,AI28,0) -> 14 | AK28: =AO28-AN28 -> 0 | AM28: =MONTH(AW28) -> 6 | AN28: =COUNTA(D28:AH28) -> 30 | AO28: =IF(AM28=1,AP28,IF(AM28=2,AR28,IF(AM28=3,AP28,IF(AM28=4,AQ28,IF(AM28=5,AP28,IF(AM28=6,AQ28,IF(AM28=7,AP28,IF(AM28=8,AP28,IF(AM28=9,AQ28,IF(AM28=10,AP28,IF(AM28=11,AQ28,IF(AM28=12,AP28)))))))))))) -> 30 | AP28: 31 | AQ28: 30 | AR28: 28 | AT28: 25 | AW28: =$AW$7 -> HAZİRAN 2026 | AZ28: =VLOOKUP(AX28,$BK$3:$BL$10,2,FALSE) -> #N/A | BI28: 8. Girişimcilik Ekosistemi Faaliyetlerinin Desteklenmesi | BJ28: 2) Teknoloji Transfer Ofisi Faaliyetleri
A29: 23 | B29: 10435498600 | C29: ABDÜSSAMED SARI | D29: ██ | E29: ██ | I29: ██ | J29: ██ | K29: ██ | L29: ██ | P29: ██ | Q29: ██ | R29: ██ | S29: ██ | W29: ██ | X29: ██ | Y29: ██ | Z29: ██ | AD29: ██ | AE29: ██ | AI29: =COUNTBLANK(D29:AG29) -> 14 | AJ29: =IF(B29>10000000,AI29,0) -> 14 | AK29: =AO29-AN29 -> 0 | AM29: =MONTH(AW29) -> 6 | AN29: =COUNTA(D29:AH29) -> 30 | AO29: =IF(AM29=1,AP29,IF(AM29=2,AR29,IF(AM29=3,AP29,IF(AM29=4,AQ29,IF(AM29=5,AP29,IF(AM29=6,AQ29,IF(AM29=7,AP29,IF(AM29=8,AP29,IF(AM29=9,AQ29,IF(AM29=10,AP29,IF(AM29=11,AQ29,IF(AM29=12,AP29)))))))))))) -> 30 | AP29: 31 | AQ29: 30 | AR29: 28 | AT29: 26 | AW29: =$AW$7 -> HAZİRAN 2026 | AZ29: =VLOOKUP(AX29,$BK$3:$BL$10,2,FALSE) -> #N/A
A30: 24 | B30: 10126514640 | C30: ABUZER BOYNUKARA | G30: ██ | H30: ██ | I30: ██ | J30: ██ | N30: ██ | O30: ██ | P30: ██ | Q30: ██ | U30: ██ | V30: ██ | W30: ██ | X30: ██ | Y30: İ | Z30: İ | AA30: İ | AB30: ██ | AC30: ██ | AD30: ██ | AE30: ██ | AF30: İ | AG30: İ | AI30: =COUNTBLANK(D30:AG30) -> 9 | AJ30: =IF(B30>10000000,AI30,0) -> 9 | AK30: =AO30-AN30 -> 0 | AM30: =MONTH(AW30) -> 6 | AN30: =COUNTA(D30:AH30) -> 30 | AO30: =IF(AM30=1,AP30,IF(AM30=2,AR30,IF(AM30=3,AP30,IF(AM30=4,AQ30,IF(AM30=5,AP30,IF(AM30=6,AQ30,IF(AM30=7,AP30,IF(AM30=8,AP30,IF(AM30=9,AQ30,IF(AM30=10,AP30,IF(AM30=11,AQ30,IF(AM30=12,AP30)))))))))))) -> 30 | AP30: 31 | AQ30: 30 | AR30: 28 | AT30: 27 | AW30: =$AW$7 -> HAZİRAN 2026 | AZ30: =VLOOKUP(AX30,$BK$3:$BL$10,2,FALSE) -> #N/A
A31: 25 | B31: 41851235852 | C31: ABUZER ŞAHAN | D31: ██ | E31: ██ | I31: ██ | J31: ██ | N31: ██ | O31: ██ | P31: ██ | Q31: ██ | U31: ██ | V31: ██ | W31: ██ | X31: ██ | AB31: ██ | AC31: ██ | AD31: ██ | AE31: ██ | AI31: =COUNTBLANK(D31:AG31) -> 14 | AJ31: =IF(B31>10000000,AI31,0) -> 14 | AK31: =AO31-AN31 -> 0 | AM31: =MONTH(AW31) -> 6 | AN31: =COUNTA(D31:AH31) -> 30 | AO31: =IF(AM31=1,AP31,IF(AM31=2,AR31,IF(AM31=3,AP31,IF(AM31=4,AQ31,IF(AM31=5,AP31,IF(AM31=6,AQ31,IF(AM31=7,AP31,IF(AM31=8,AP31,IF(AM31=9,AQ31,IF(AM31=10,AP31,IF(AM31=11,AQ31,IF(AM31=12,AP31)))))))))))) -> 30 | AP31: 31 | AQ31: 30 | AR31: 28 | AT31: 28 | AW31: =$AW$7 -> HAZİRAN 2026 | AZ31: =VLOOKUP(AX31,$BK$3:$BL$10,2,FALSE) -> #N/A
A32: 26 | B32: 33472284968 | C32: ADEM AKTA | G32: ██ | H32: ██ | I32: ██ | J32: ██ | N32: ██ | O32: ██ | P32: ██ | Q32: ██ | U32: ██ | V32: ██ | W32: ██ | X32: ██ | Y32: ██ | Z32: ██ | AA32: ██ | AB32: ██ | AC32: ██ | AD32: ██ | AE32: ██ | AF32: ██ | AG32: ██ | AI32: =COUNTBLANK(D32:AG32) -> 9 | AJ32: =IF(B32>10000000,AI32,0) -> 9 | AK32: =AO32-AN32 -> 0 | AL32: ▒▒ | AM32: =MONTH(AW32) -> 6 | AN32: =COUNTA(D32:AH32) -> 30 | AO32: =IF(AM32=1,AP32,IF(AM32=2,AR32,IF(AM32=3,AP32,IF(AM32=4,AQ32,IF(AM32=5,AP32,IF(AM32=6,AQ32,IF(AM32=7,AP32,IF(AM32=8,AP32,IF(AM32=9,AQ32,IF(AM32=10,AP32,IF(AM32=11,AQ32,IF(AM32=12,AP32)))))))))))) -> 30 | AP32: 31 | AQ32: 30 | AR32: 28 | AT32: 29 | AW32: =$AW$7 -> HAZİRAN 2026 | AZ32: =VLOOKUP(AX32,$BK$3:$BL$10,2,FALSE) -> #N/A
A33: 27 | B33: 11276752944 | C33: ADİL EMİRHAN AYAZ | G33: ██ | H33: ██ | I33: ██ | J33: ██ | N33: ██ | O33: ██ | P33: ██ | Q33: ██ | U33: ██ | V33: ██ | W33: ██ | X33: ██ | AB33: ██ | AC33: ██ | AD33: ██ | AE33: ██ | AI33: =COUNTBLANK(D33:AG33) -> 14 | AJ33: =IF(B33>10000000,AI33,0) -> 14 | AK33: =AO33-AN33 -> 0 | AL33: Ü | AM33: =MONTH(AW33) -> 6 | AN33: =COUNTA(D33:AH33) -> 30 | AO33: =IF(AM33=1,AP33,IF(AM33=2,AR33,IF(AM33=3,AP33,IF(AM33=4,AQ33,IF(AM33=5,AP33,IF(AM33=6,AQ33,IF(AM33=7,AP33,IF(AM33=8,AP33,IF(AM33=9,AQ33,IF(AM33=10,AP33,IF(AM33=11,AQ33,IF(AM33=12,AP33)))))))))))) -> 30 | AP33: 31 | AQ33: 30 | AR33: 28 | AT33: 30 | AW33: =$AW$7 -> HAZİRAN 2026 | AZ33: =VLOOKUP(AX33,$BK$3:$BL$10,2,FALSE) -> #N/A
A34: 28 | B34: 11438104260 | C34: AFRA DİLA HASANOĞLU | D34: ██ | G34: ██ | I34: ██ | J34: ██ | K34: ██ | N34: ██ | P34: ██ | Q34: ██ | R34: ██ | U34: ██ | W34: ██ | X34: ██ | Y34: ██ | AB34: ██ | AD34: ██ | AE34: ██ | AF34: ██ | AI34: =COUNTBLANK(D34:AG34) -> 13 | AJ34: =IF(B34>10000000,AI34,0) -> 13 | AK34: =AO34-AN34 -> 0 | AL34: S | AM34: =MONTH(AW34) -> 6 | AN34: =COUNTA(D34:AH34) -> 30 | AO34: =IF(AM34=1,AP34,IF(AM34=2,AR34,IF(AM34=3,AP34,IF(AM34=4,AQ34,IF(AM34=5,AP34,IF(AM34=6,AQ34,IF(AM34=7,AP34,IF(AM34=8,AP34,IF(AM34=9,AQ34,IF(AM34=10,AP34,IF(AM34=11,AQ34,IF(AM34=12,AP34)))))))))))) -> 30 | AP34: 31 | AQ34: 30 | AR34: 28 | AW34: =$AW$7 -> HAZİRAN 2026 | AZ34: =VLOOKUP(AX34,$BK$3:$BL$10,2,FALSE) -> #N/A
A35: 29 | B35: 10590069448 | C35: AHMET ADAR | G35: ██ | H35: ██ | I35: ██ | J35: ██ | N35: ██ | O35: ██ | P35: ██ | Q35: ██ | U35: ██ | V35: ██ | W35: ██ | X35: ██ | Y35: MG | Z35: MG | AA35: MG | AB35: ██ | AC35: ██ | AD35: ██ | AE35: ██ | AF35: MG | AG35: MG | AI35: =COUNTBLANK(D35:AG35) -> 9 | AJ35: =IF(B35>10000000,AI35,0) -> 9 | AK35: =AO35-AN35 -> 0 | AL35: M | AM35: =MONTH(AW35) -> 6 | AN35: =COUNTA(D35:AH35) -> 30 | AO35: =IF(AM35=1,AP35,IF(AM35=2,AR35,IF(AM35=3,AP35,IF(AM35=4,AQ35,IF(AM35=5,AP35,IF(AM35=6,AQ35,IF(AM35=7,AP35,IF(AM35=8,AP35,IF(AM35=9,AQ35,IF(AM35=10,AP35,IF(AM35=11,AQ35,IF(AM35=12,AP35)))))))))))) -> 30 | AP35: 31 | AQ35: 30 | AR35: 28 | AW35: =$AW$7 -> HAZİRAN 2026 | AZ35: =VLOOKUP(AX35,$BK$3:$BL$10,2,FALSE) -> #N/A
A36: 30 | B36: 55543577472 | C36: AHMET ARCA | F36: ██ | G36: ██ | I36: ██ | J36: ██ | M36: ██ | N36: ██ | P36: ██ | Q36: ██ | T36: ██ | U36: ██ | W36: ██ | X36: ██ | AA36: ██ | AB36: ██ | AD36: ██ | AE36: ██ | AI36: =COUNTBLANK(D36:AG36) -> 14 | AJ36: =IF(B36>10000000,AI36,0) -> 14 | AK36: =AO36-AN36 -> 0 | AL36: İ | AM36: =MONTH(AW36) -> 6 | AN36: =COUNTA(D36:AH36) -> 30 | AO36: =IF(AM36=1,AP36,IF(AM36=2,AR36,IF(AM36=3,AP36,IF(AM36=4,AQ36,IF(AM36=5,AP36,IF(AM36=6,AQ36,IF(AM36=7,AP36,IF(AM36=8,AP36,IF(AM36=9,AQ36,IF(AM36=10,AP36,IF(AM36=11,AQ36,IF(AM36=12,AP36)))))))))))) -> 30 | AP36: 31 | AQ36: 30 | AR36: 28 | AW36: =$AW$7 -> HAZİRAN 2026 | AZ36: =VLOOKUP(AX36,$BK$3:$BL$10,2,FALSE) -> #N/A
A37: 31 | B37: 58825297792 | C37: AHMET ATASEVEN | E37: ██ | H37: ██ | I37: ██ | J37: ██ | L37: ██ | O37: ██ | P37: ██ | Q37: ██ | S37: ██ | V37: ██ | W37: ██ | X37: ██ | Z37: ██ | AC37: ██ | AD37: ██ | AE37: ██ | AI37: =COUNTBLANK(D37:AG37) -> 14 | AJ37: =IF(B37>10000000,AI37,0) -> 14 | AK37: =AO37-AN37 -> 0 | AL37: D | AM37: =MONTH(AW37) -> 6 | AN37: =COUNTA(D37:AH37) -> 30 | AO37: =IF(AM37=1,AP37,IF(AM37=2,AR37,IF(AM37=3,AP37,IF(AM37=4,AQ37,IF(AM37=5,AP37,IF(AM37=6,AQ37,IF(AM37=7,AP37,IF(AM37=8,AP37,IF(AM37=9,AQ37,IF(AM37=10,AP37,IF(AM37=11,AQ37,IF(AM37=12,AP37)))))))))))) -> 30 | AP37: 31 | AQ37: 30 | AR37: 28 | AW37: =$AW$7 -> HAZİRAN 2026 | AZ37: =VLOOKUP(AX37,$BK$3:$BL$10,2,FALSE) -> #N/A
A38: 32 | B38: 30662502284 | C38: AHMET BAYKUŞ | E38: ██ | G38: ██ | I38: ██ | J38: ██ | L38: ██ | N38: ██ | P38: ██ | Q38: ██ | S38: ██ | U38: ██ | W38: ██ | X38: ██ | Y38: İ | Z38: ██ | AA38: İ | AB38: ██ | AC38: İ | AD38: ██ | AE38: ██ | AF38: İ | AG38: ██ | AI38: =COUNTBLANK(D38:AG38) -> 9 | AJ38: =IF(B38>10000000,AI38,0) -> 9 | AK38: =AO38-AN38 -> 0 | AM38: =MONTH(AW38) -> 6 | AN38: =COUNTA(D38:AH38) -> 30 | AO38: =IF(AM38=1,AP38,IF(AM38=2,AR38,IF(AM38=3,AP38,IF(AM38=4,AQ38,IF(AM38=5,AP38,IF(AM38=6,AQ38,IF(AM38=7,AP38,IF(AM38=8,AP38,IF(AM38=9,AQ38,IF(AM38=10,AP38,IF(AM38=11,AQ38,IF(AM38=12,AP38)))))))))))) -> 30 | AP38: 31 | AQ38: 30 | AR38: 28 | AW38: =$AW$7 -> HAZİRAN 2026 | AZ38: =VLOOKUP(AX38,$BK$3:$BL$10,2,FALSE) -> #N/A
A39: 33 | B39: 45049880008 | C39: AHMET BIRASOĞLU | G39: ██ | H39: ██ | I39: ██ | J39: ██ | N39: ██ | O39: ██ | P39: ██ | Q39: ██ | R39: ██ | S39: ██ | T39: ██ | U39: ██ | V39: ██ | W39: ██ | X39: ██ | Y39: ██ | Z39: ██ | AA39: ██ | AB39: ██ | AC39: ██ | AD39: ██ | AE39: ██ | AF39: ██ | AG39: ██ | AI39: =COUNTBLANK(D39:AG39) -> 6 | AJ39: =IF(B39>10000000,AI39,0) -> 6 | AK39: =AO39-AN39 -> 0 | AM39: =MONTH(AW39) -> 6 | AN39: =COUNTA(D39:AH39) -> 30 | AO39: =IF(AM39=1,AP39,IF(AM39=2,AR39,IF(AM39=3,AP39,IF(AM39=4,AQ39,IF(AM39=5,AP39,IF(AM39=6,AQ39,IF(AM39=7,AP39,IF(AM39=8,AP39,IF(AM39=9,AQ39,IF(AM39=10,AP39,IF(AM39=11,AQ39,IF(AM39=12,AP39)))))))))))) -> 30 | AP39: 31 | AQ39: 30 | AR39: 28 | AW39: =$AW$7 -> HAZİRAN 2026 | AZ39: =VLOOKUP(AX39,$BK$3:$BL$10,2,FALSE) -> #N/A
A40: 34 | B40: 57787292906 | C40: AHMET ÇAĞLAYAN | E40: ██ | G40: ██ | I40: ██ | J40: ██ | L40: ██ | N40: ██ | P40: ██ | Q40: ██ | S40: ██ | U40: ██ | W40: ██ | X40: ██ | Z40: ██ | AB40: ██ | AD40: ██ | AE40: ██ | AG40: ██ | AI40: =COUNTBLANK(D40:AG40) -> 13 | AJ40: =IF(B40>10000000,AI40,0) -> 13 | AK40: =AO40-AN40 -> 0 | AM40: =MONTH(AW40) -> 6 | AN40: =COUNTA(D40:AH40) -> 30 | AO40: =IF(AM40=1,AP40,IF(AM40=2,AR40,IF(AM40=3,AP40,IF(AM40=4,AQ40,IF(AM40=5,AP40,IF(AM40=6,AQ40,IF(AM40=7,AP40,IF(AM40=8,AP40,IF(AM40=9,AQ40,IF(AM40=10,AP40,IF(AM40=11,AQ40,IF(AM40=12,AP40)))))))))))) -> 30 | AP40: 31 | AQ40: 30 | AR40: 28 | AW40: =$AW$7 -> HAZİRAN 2026 | AZ40: =VLOOKUP(AX40,$BK$3:$BL$10,2,FALSE) -> #N/A
A41: 35 | B41: 15902100772 | C41: AHMET ÇELİK | G41: ██ | H41: ██ | I41: ██ | J41: ██ | N41: ██ | O41: ██ | P41: ██ | Q41: ██ | U41: ██ | V41: ██ | W41: ██ | X41: ██ | AB41: ██ | AC41: ██ | AD41: ██ | AE41: ██ | AI41: =COUNTBLANK(D41:AG41) -> 14 | AJ41: =IF(B41>10000000,AI41,0) -> 14 | AK41: =AO41-AN41 -> 0 | AM41: =MONTH(AW41) -> 6 | AN41: =COUNTA(D41:AH41) -> 30 | AO41: =IF(AM41=1,AP41,IF(AM41=2,AR41,IF(AM41=3,AP41,IF(AM41=4,AQ41,IF(AM41=5,AP41,IF(AM41=6,AQ41,IF(AM41=7,AP41,IF(AM41=8,AP41,IF(AM41=9,AQ41,IF(AM41=10,AP41,IF(AM41=11,AQ41,IF(AM41=12,AP41)))))))))))) -> 30 | AP41: 31 | AQ41: 30 | AR41: 28 | AW41: =$AW$7 -> HAZİRAN 2026 | AZ41: =VLOOKUP(AX41,$BK$3:$BL$10,2,FALSE) -> #N/A
A42: 36 | B42: 62749437394 | C42: AHMET DONBALOĞLU | G42: ██ | H42: ██ | I42: ██ | J42: ██ | N42: ██ | O42: ██ | P42: ██ | Q42: ██ | U42: ██ | V42: ██ | W42: ██ | X42: ██ | AA42: İ | AB42: ██ | AC42: ██ | AD42: ██ | AE42: ██ | AF42: İ | AG42: İ | AI42: =COUNTBLANK(D42:AG42) -> 11 | AJ42: =IF(B42>10000000,AI42,0) -> 11 | AK42: =AO42-AN42 -> 0 | AM42: =MONTH(AW42) -> 6 | AN42: =COUNTA(D42:AH42) -> 30 | AO42: =IF(AM42=1,AP42,IF(AM42=2,AR42,IF(AM42=3,AP42,IF(AM42=4,AQ42,IF(AM42=5,AP42,IF(AM42=6,AQ42,IF(AM42=7,AP42,IF(AM42=8,AP42,IF(AM42=9,AQ42,IF(AM42=10,AP42,IF(AM42=11,AQ42,IF(AM42=12,AP42)))))))))))) -> 30 | AP42: 31 | AQ42: 30 | AR42: 28 | AW42: =$AW$7 -> HAZİRAN 2026 | AZ42: =VLOOKUP(AX42,$BK$3:$BL$10,2,FALSE) -> #N/A
A43: 37 | B43: 11521313074 | C43: AHMET GENÇTÜRK | G43: ██ | H43: ██ | I43: ██ | J43: ██ | N43: ██ | O43: ██ | P43: ██ | Q43: ██ | U43: ██ | V43: ██ | W43: ██ | X43: ██ | AB43: ██ | AC43: ██ | AD43: ██ | AE43: ██ | AG43: MG | AI43: =COUNTBLANK(D43:AG43) -> 13 | AJ43: =IF(B43>10000000,AI43,0) -> 13 | AK43: =AO43-AN43 -> 0 | AM43: =MONTH(AW43) -> 6 | AN43: =COUNTA(D43:AH43) -> 30 | AO43: =IF(AM43=1,AP43,IF(AM43=2,AR43,IF(AM43=3,AP43,IF(AM43=4,AQ43,IF(AM43=5,AP43,IF(AM43=6,AQ43,IF(AM43=7,AP43,IF(AM43=8,AP43,IF(AM43=9,AQ43,IF(AM43=10,AP43,IF(AM43=11,AQ43,IF(AM43=12,AP43)))))))))))) -> 30 | AP43: 31 | AQ43: 30 | AR43: 28 | AW43: =$AW$7 -> HAZİRAN 2026 | AZ43: =VLOOKUP(AX43,$BK$3:$BL$10,2,FALSE) -> #N/A
A44: 38 | B44: 55030694620 | C44: AHMET KARA | G44: ██ | H44: ██ | I44: ██ | J44: ██ | N44: ██ | O44: ██ | P44: ██ | Q44: ██ | U44: ██ | V44: ██ | W44: ██ | X44: ██ | AB44: ██ | AC44: ██ | AD44: ██ | AE44: ██ | AI44: =COUNTBLANK(D44:AG44) -> 14 | AJ44: =IF(B44>10000000,AI44,0) -> 14 | AK44: =AO44-AN44 -> 0 | AM44: =MONTH(AW44) -> 6 | AN44: =COUNTA(D44:AH44) -> 30 | AO44: =IF(AM44=1,AP44,IF(AM44=2,AR44,IF(AM44=3,AP44,IF(AM44=4,AQ44,IF(AM44=5,AP44,IF(AM44=6,AQ44,IF(AM44=7,AP44,IF(AM44=8,AP44,IF(AM44=9,AQ44,IF(AM44=10,AP44,IF(AM44=11,AQ44,IF(AM44=12,AP44)))))))))))) -> 30 | AP44: 31 | AQ44: 30 | AR44: 28 | AW44: =$AW$7 -> HAZİRAN 2026 | AZ44: =VLOOKUP(AX44,$BK$3:$BL$10,2,FALSE) -> #N/A
A45: 39 | B45: 10658102384 | C45: AHMET KARAKAŞ | G45: ██ | H45: ██ | I45: ██ | J45: ██ | N45: ██ | O45: ██ | P45: ██ | Q45: ██ | U45: ██ | V45: ██ | W45: ██ | X45: ██ | AB45: ██ | AC45: ██ | AD45: ██ | AE45: ██ | AF45: İ | AG45: İ | AI45: =COUNTBLANK(D45:AG45) -> 12 | AJ45: =IF(B45>10000000,AI45,0) -> 12 | AK45: =AO45-AN45 -> 0 | AM45: =MONTH(AW45) -> 6 | AN45: =COUNTA(D45:AH45) -> 30 | AO45: =IF(AM45=1,AP45,IF(AM45=2,AR45,IF(AM45=3,AP45,IF(AM45=4,AQ45,IF(AM45=5,AP45,IF(AM45=6,AQ45,IF(AM45=7,AP45,IF(AM45=8,AP45,IF(AM45=9,AQ45,IF(AM45=10,AP45,IF(AM45=11,AQ45,IF(AM45=12,AP45)))))))))))) -> 30 | AP45: 31 | AQ45: 30 | AR45: 28 | AW45: =$AW$7 -> HAZİRAN 2026 | AZ45: =VLOOKUP(AX45,$BK$3:$BL$10,2,FALSE) -> #N/A
A46: 40 | B46: 43837384134 | C46: AHMET ÖZBEK | G46: ██ | H46: ██ | I46: ██ | J46: ██ | N46: ██ | O46: ██ | P46: ██ | Q46: ██ | U46: ██ | V46: ██ | W46: ██ | X46: ██ | AB46: ██ | AC46: ██ | AD46: ██ | AE46: ██ | AI46: =COUNTBLANK(D46:AG46) -> 14 | AJ46: =IF(B46>10000000,AI46,0) -> 14 | AK46: =AO46-AN46 -> 0 | AM46: =MONTH(AW46) -> 6 | AN46: =COUNTA(D46:AH46) -> 30 | AO46: =IF(AM46=1,AP46,IF(AM46=2,AR46,IF(AM46=3,AP46,IF(AM46=4,AQ46,IF(AM46=5,AP46,IF(AM46=6,AQ46,IF(AM46=7,AP46,IF(AM46=8,AP46,IF(AM46=9,AQ46,IF(AM46=10,AP46,IF(AM46=11,AQ46,IF(AM46=12,AP46)))))))))))) -> 30 | AP46: 31 | AQ46: 30 | AR46: 28 | AW46: =$AW$7 -> HAZİRAN 2026 | AZ46: =VLOOKUP(AX46,$BK$3:$BL$10,2,FALSE) -> #N/A
A47: 41 | B47: 24341377102 | C47: AHMET YILDIRIM | G47: ██ | H47: ██ | I47: ██ | J47: ██ | N47: ██ | O47: ██ | P47: ██ | Q47: ██ | U47: ██ | V47: ██ | W47: ██ | X47: ██ | AB47: ██ | AC47: ██ | AD47: ██ | AE47: ██ | AI47: =COUNTBLANK(D47:AG47) -> 14 | AJ47: =IF(B47>10000000,AI47,0) -> 14 | AK47: =AO47-AN47 -> 0 | AM47: =MONTH(AW47) -> 6 | AN47: =COUNTA(D47:AH47) -> 30 | AO47: =IF(AM47=1,AP47,IF(AM47=2,AR47,IF(AM47=3,AP47,IF(AM47=4,AQ47,IF(AM47=5,AP47,IF(AM47=6,AQ47,IF(AM47=7,AP47,IF(AM47=8,AP47,IF(AM47=9,AQ47,IF(AM47=10,AP47,IF(AM47=11,AQ47,IF(AM47=12,AP47)))))))))))) -> 30 | AP47: 31 | AQ47: 30 | AR47: 28 | AW47: =$AW$7 -> HAZİRAN 2026 | AZ47: =VLOOKUP(AX47,$BK$3:$BL$10,2,FALSE) -> #N/A
A48: 42 | B48: 12571346852 | C48: AHMET YOLDAŞ | F48: ██ | H48: ██ | I48: ██ | J48: ██ | K48: MG | L48: MG | M48: ██ | N48: MG | O48: ██ | P48: ██ | Q48: ██ | R48: ██ | S48: ██ | T48: ██ | U48: ██ | V48: ██ | W48: ██ | X48: ██ | Y48: ██ | Z48: ██ | AA48: ██ | AB48: ██ | AC48: ██ | AD48: ██ | AE48: ██ | AF48: ██ | AG48: ██ | AI48: =COUNTBLANK(D48:AG48) -> 3 | AJ48: =IF(B48>10000000,AI48,0) -> 3 | AK48: =AO48-AN48 -> 0 | AM48: =MONTH(AW48) -> 6 | AN48: =COUNTA(D48:AH48) -> 30 | AO48: =IF(AM48=1,AP48,IF(AM48=2,AR48,IF(AM48=3,AP48,IF(AM48=4,AQ48,IF(AM48=5,AP48,IF(AM48=6,AQ48,IF(AM48=7,AP48,IF(AM48=8,AP48,IF(AM48=9,AQ48,IF(AM48=10,AP48,IF(AM48=11,AQ48,IF(AM48=12,AP48)))))))))))) -> 30 | AP48: 31 | AQ48: 30 | AR48: 28 | AW48: =$AW$7 -> HAZİRAN 2026 | AZ48: =VLOOKUP(AX48,$BK$3:$BL$10,2,FALSE) -> #N/A
A49: 43 | B49: 10550363036 | C49: AHMET ALİ İKİZ | G49: ██ | H49: ██ | I49: ██ | J49: ██ | K49: ██ | L49: ██ | P49: ██ | Q49: ██ | U49: ██ | V49: ██ | W49: ██ | X49: ██ | Y49: ██ | Z49: ██ | AD49: ██ | AE49: ██ | AI49: =COUNTBLANK(D49:AG49) -> 14 | AJ49: =IF(B49>10000000,AI49,0) -> 14 | AK49: =AO49-AN49 -> 0 | AM49: =MONTH(AW49) -> 6 | AN49: =COUNTA(D49:AH49) -> 30 | AO49: =IF(AM49=1,AP49,IF(AM49=2,AR49,IF(AM49=3,AP49,IF(AM49=4,AQ49,IF(AM49=5,AP49,IF(AM49=6,AQ49,IF(AM49=7,AP49,IF(AM49=8,AP49,IF(AM49=9,AQ49,IF(AM49=10,AP49,IF(AM49=11,AQ49,IF(AM49=12,AP49)))))))))))) -> 30 | AP49: 31 | AQ49: 30 | AR49: 28 | AW49: =$AW$7 -> HAZİRAN 2026 | AZ49: =VLOOKUP(AX49,$BK$3:$BL$10,2,FALSE) -> #N/A
A50: 44 | B50: 10012443016 | C50: AHMET ARDA KARATEPE | G50: ██ | H50: ██ | I50: ██ | J50: ██ | N50: ██ | O50: ██ | P50: ██ | Q50: ██ | R50: ██ | V50: ██ | W50: ██ | X50: ██ | AB50: ██ | AC50: ██ | AD50: ██ | AE50: ██ | AF50: ██ | AG50: ██ | AI50: =COUNTBLANK(D50:AG50) -> 12 | AJ50: =IF(B50>10000000,AI50,0) -> 12 | AK50: =AO50-AN50 -> 0 | AM50: =MONTH(AW50) -> 6 | AN50: =COUNTA(D50:AH50) -> 30 | AO50: =IF(AM50=1,AP50,IF(AM50=2,AR50,IF(AM50=3,AP50,IF(AM50=4,AQ50,IF(AM50=5,AP50,IF(AM50=6,AQ50,IF(AM50=7,AP50,IF(AM50=8,AP50,IF(AM50=9,AQ50,IF(AM50=10,AP50,IF(AM50=11,AQ50,IF(AM50=12,AP50)))))))))))) -> 30 | AP50: 31 | AQ50: 30 | AR50: 28 | AW50: =$AW$7 -> HAZİRAN 2026 | AZ50: =VLOOKUP(AX50,$BK$3:$BL$10,2,FALSE) -> #N/A
A51: 45 | B51: 16171258034 | C51: AHMET ÇAĞRI CÖMERT | G51: ██ | H51: ██ | I51: ██ | J51: ██ | N51: ██ | O51: ██ | P51: ██ | Q51: ██ | U51: ██ | V51: ██ | W51: ██ | X51: ██ | AB51: ██ | AC51: ██ | AD51: ██ | AE51: ██ | AI51: =COUNTBLANK(D51:AG51) -> 14 | AJ51: =IF(B51>10000000,AI51,0) -> 14 | AK51: =AO51-AN51 -> 0 | AM51: =MONTH(AW51) -> 6 | AN51: =COUNTA(D51:AH51) -> 30 | AO51: =IF(AM51=1,AP51,IF(AM51=2,AR51,IF(AM51=3,AP51,IF(AM51=4,AQ51,IF(AM51=5,AP51,IF(AM51=6,AQ51,IF(AM51=7,AP51,IF(AM51=8,AP51,IF(AM51=9,AQ51,IF(AM51=10,AP51,IF(AM51=11,AQ51,IF(AM51=12,AP51)))))))))))) -> 30 | AP51: 31 | AQ51: 30 | AR51: 28 | AW51: =$AW$7 -> HAZİRAN 2026 | AZ51: =VLOOKUP(AX51,$BK$3:$BL$10,2,FALSE) -> #N/A
A52: 46 | B52: 37891358408 | C52: AHMET CAN ARSLANDAĞ | G52: ██ | H52: ██ | I52: ██ | J52: ██ | N52: ██ | O52: ██ | P52: ██ | Q52: ██ | U52: ██ | V52: ██ | W52: ██ | X52: ██ | AB52: ██ | AC52: ██ | AD52: ██ | AE52: ██ | AI52: =COUNTBLANK(D52:AG52) -> 14 | AJ52: =IF(B52>10000000,AI52,0) -> 14 | AK52: =AO52-AN52 -> 0 | AM52: =MONTH(AW52) -> 6 | AN52: =COUNTA(D52:AH52) -> 30 | AO52: =IF(AM52=1,AP52,IF(AM52=2,AR52,IF(AM52=3,AP52,IF(AM52=4,AQ52,IF(AM52=5,AP52,IF(AM52=6,AQ52,IF(AM52=7,AP52,IF(AM52=8,AP52,IF(AM52=9,AQ52,IF(AM52=10,AP52,IF(AM52=11,AQ52,IF(AM52=12,AP52)))))))))))) -> 30 | AP52: 31 | AQ52: 30 | AR52: 28 | AW52: =$AW$7 -> HAZİRAN 2026 | AZ52: =VLOOKUP(AX52,$BK$3:$BL$10,2,FALSE) -> #N/A
A53: 47 | B53: 11255342722 | C53: AHMET ENES ÜÇLER | G53: ██ | H53: ██ | I53: ██ | J53: ██ | N53: ██ | O53: ██ | P53: ██ | Q53: ██ | U53: ██ | V53: ██ | W53: ██ | X53: ██ | AB53: ██ | AC53: ██ | AD53: ██ | AE53: ██ | AI53: =COUNTBLANK(D53:AG53) -> 14 | AJ53: =IF(B53>10000000,AI53,0) -> 14 | AK53: =AO53-AN53 -> 0 | AM53: =MONTH(AW53) -> 6 | AN53: =COUNTA(D53:AH53) -> 30 | AO53: =IF(AM53=1,AP53,IF(AM53=2,AR53,IF(AM53=3,AP53,IF(AM53=4,AQ53,IF(AM53=5,AP53,IF(AM53=6,AQ53,IF(AM53=7,AP53,IF(AM53=8,AP53,IF(AM53=9,AQ53,IF(AM53=10,AP53,IF(AM53=11,AQ53,IF(AM53=12,AP53)))))))))))) -> 30 | AP53: 31 | AQ53: 30 | AR53: 28 | AW53: =$AW$7 -> HAZİRAN 2026 | AZ53: =VLOOKUP(AX53,$BK$3:$BL$10,2,FALSE) -> #N/A
A54: 48 | B54: 17861048386 | C54: AHMET ERDEM AĞCA | G54: ██ | H54: ██ | I54: ██ | J54: ██ | N54: ██ | O54: ██ | P54: ██ | Q54: ██ | U54: ██ | V54: ██ | W54: ██ | X54: ██ | AB54: ██ | AC54: ██ | AD54: ██ | AE54: ██ | AI54: =COUNTBLANK(D54:AG54) -> 14 | AJ54: =IF(B54>10000000,AI54,0) -> 14 | AK54: =AO54-AN54 -> 0 | AM54: =MONTH(AW54) -> 6 | AN54: =COUNTA(D54:AH54) -> 30 | AO54: =IF(AM54=1,AP54,IF(AM54=2,AR54,IF(AM54=3,AP54,IF(AM54=4,AQ54,IF(AM54=5,AP54,IF(AM54=6,AQ54,IF(AM54=7,AP54,IF(AM54=8,AP54,IF(AM54=9,AQ54,IF(AM54=10,AP54,IF(AM54=11,AQ54,IF(AM54=12,AP54)))))))))))) -> 30 | AP54: 31 | AQ54: 30 | AR54: 28 | AW54: =$AW$7 -> HAZİRAN 2026 | AZ54: =VLOOKUP(AX54,$BK$3:$BL$10,2,FALSE) -> #N/A
A55: 49 | B55: 47677046900 | C55: AHMET EREN ÇAKMAK | G55: ██ | H55: ██ | I55: ██ | J55: ██ | N55: ██ | O55: ██ | P55: ██ | Q55: ██ | U55: ██ | V55: ██ | W55: ██ | X55: ██ | AB55: ██ | AC55: ██ | AD55: ██ | AE55: ██ | AI55: =COUNTBLANK(D55:AG55) -> 14 | AJ55: =IF(B55>10000000,AI55,0) -> 14 | AK55: =AO55-AN55 -> 0 | AM55: =MONTH(AW55) -> 6 | AN55: =COUNTA(D55:AH55) -> 30 | AO55: =IF(AM55=1,AP55,IF(AM55=2,AR55,IF(AM55=3,AP55,IF(AM55=4,AQ55,IF(AM55=5,AP55,IF(AM55=6,AQ55,IF(AM55=7,AP55,IF(AM55=8,AP55,IF(AM55=9,AQ55,IF(AM55=10,AP55,IF(AM55=11,AQ55,IF(AM55=12,AP55)))))))))))) -> 30 | AP55: 31 | AQ55: 30 | AR55: 28 | AW55: =$AW$7 -> HAZİRAN 2026 | AZ55: =VLOOKUP(AX55,$BK$3:$BL$10,2,FALSE) -> #N/A
A56: 50 | B56: 10205396860 | C56: AHMET FURKAN KAPTAN | G56: ██ | H56: ██ | I56: ██ | J56: ██ | N56: ██ | O56: ██ | P56: ██ | Q56: ██ | U56: ██ | V56: ██ | W56: ██ | X56: ██ | AB56: ██ | AC56: ██ | AD56: ██ | AE56: ██ | AI56: =COUNTBLANK(D56:AG56) -> 14 | AJ56: =IF(B56>10000000,AI56,0) -> 14 | AK56: =AO56-AN56 -> 0 | AM56: =MONTH(AW56) -> 6 | AN56: =COUNTA(D56:AH56) -> 30 | AO56: =IF(AM56=1,AP56,IF(AM56=2,AR56,IF(AM56=3,AP56,IF(AM56=4,AQ56,IF(AM56=5,AP56,IF(AM56=6,AQ56,IF(AM56=7,AP56,IF(AM56=8,AP56,IF(AM56=9,AQ56,IF(AM56=10,AP56,IF(AM56=11,AQ56,IF(AM56=12,AP56)))))))))))) -> 30 | AP56: 31 | AQ56: 30 | AR56: 28 | AW56: =$AW$7 -> HAZİRAN 2026 | AZ56: =VLOOKUP(AX56,$BK$3:$BL$10,2,FALSE) -> #N/A
A57: 51 | B57: 22474876752 | C57: AHMET FURKAN KÖŞKER | D57: ██ | G57: ██ | H57: ██ | I57: ██ | J57: ██ | K57: ██ | N57: ██ | O57: ██ | P57: ██ | Q57: ██ | R57: ██ | U57: ██ | V57: ██ | W57: ██ | X57: ██ | Y57: ██ | Z57: ██ | AA57: ██ | AB57: ██ | AC57: ██ | AD57: ██ | AE57: ██ | AF57: ██ | AG57: ██ | AI57: =COUNTBLANK(D57:AG57) -> 6 | AJ57: =IF(B57>10000000,AI57,0) -> 6 | AK57: =AO57-AN57 -> 0 | AL57: ▒▒ | AM57: =MONTH(AW57) -> 6 | AN57: =COUNTA(D57:AH57) -> 30 | AO57: =IF(AM57=1,AP57,IF(AM57=2,AR57,IF(AM57=3,AP57,IF(AM57=4,AQ57,IF(AM57=5,AP57,IF(AM57=6,AQ57,IF(AM57=7,AP57,IF(AM57=8,AP57,IF(AM57=9,AQ57,IF(AM57=10,AP57,IF(AM57=11,AQ57,IF(AM57=12,AP57)))))))))))) -> 30 | AP57: 31 | AQ57: 30 | AR57: 28 | AW57: =$AW$7 -> HAZİRAN 2026 | AZ57: =VLOOKUP(AX57,$BK$3:$BL$10,2,FALSE) -> #N/A
A58: 52 | B58: 39442321558 | C58: AHMET NEJLET SEZER | G58: ██ | H58: ██ | I58: ██ | J58: ██ | N58: ██ | O58: ██ | P58: ██ | Q58: ██ | U58: ██ | V58: ██ | W58: ██ | X58: ██ | AB58: ██ | AC58: ██ | AD58: ██ | AE58: ██ | AI58: =COUNTBLANK(D58:AG58) -> 14 | AJ58: =IF(B58>10000000,AI58,0) -> 14 | AK58: =AO58-AN58 -> 0 | AL58: Ü | AM58: =MONTH(AW58) -> 6 | AN58: =COUNTA(D58:AH58) -> 30 | AO58: =IF(AM58=1,AP58,IF(AM58=2,AR58,IF(AM58=3,AP58,IF(AM58=4,AQ58,IF(AM58=5,AP58,IF(AM58=6,AQ58,IF(AM58=7,AP58,IF(AM58=8,AP58,IF(AM58=9,AQ58,IF(AM58=10,AP58,IF(AM58=11,AQ58,IF(AM58=12,AP58)))))))))))) -> 30 | AP58: 31 | AQ58: 30 | AR58: 28 | AW58: =$AW$7 -> HAZİRAN 2026 | AZ58: =VLOOKUP(AX58,$BK$3:$BL$10,2,FALSE) -> #N/A
A59: 53 | B59: 22582873186 | C59: AHMET SAMED ÇAKIR | D59: ██ | E59: ██ | G59: ██ | H59: ██ | K59: ██ | L59: ██ | N59: ██ | O59: ██ | R59: ██ | S59: ██ | U59: ██ | V59: ██ | Y59: ██ | Z59: ██ | AB59: ██ | AC59: ██ | AF59: ██ | AG59: ██ | AI59: =COUNTBLANK(D59:AG59) -> 12 | AJ59: =IF(B59>10000000,AI59,0) -> 12 | AK59: =AO59-AN59 -> 0 | AL59: S | AM59: =MONTH(AW59) -> 6 | AN59: =COUNTA(D59:AH59) -> 30 | AO59: =IF(AM59=1,AP59,IF(AM59=2,AR59,IF(AM59=3,AP59,IF(AM59=4,AQ59,IF(AM59=5,AP59,IF(AM59=6,AQ59,IF(AM59=7,AP59,IF(AM59=8,AP59,IF(AM59=9,AQ59,IF(AM59=10,AP59,IF(AM59=11,AQ59,IF(AM59=12,AP59)))))))))))) -> 30 | AP59: 31 | AQ59: 30 | AR59: 28 | AW59: =$AW$7 -> HAZİRAN 2026 | AZ59: =VLOOKUP(AX59,$BK$3:$BL$10,2,FALSE) -> #N/A
A60: 54 | B60: 30070423706 | C60: AHMET SELİM GÜRBÜZ | G60: ██ | H60: ██ | I60: ██ | J60: ██ | N60: ██ | O60: ██ | P60: ██ | Q60: ██ | U60: ██ | V60: ██ | W60: ██ | X60: ██ | AB60: ██ | AC60: ██ | AD60: ██ | AE60: ██ | AI60: =COUNTBLANK(D60:AG60) -> 14 | AJ60: =IF(B60>10000000,AI60,0) -> 14 | AK60: =AO60-AN60 -> 0 | AL60: M | AM60: =MONTH(AW60) -> 6 | AN60: =COUNTA(D60:AH60) -> 30 | AO60: =IF(AM60=1,AP60,IF(AM60=2,AR60,IF(AM60=3,AP60,IF(AM60=4,AQ60,IF(AM60=5,AP60,IF(AM60=6,AQ60,IF(AM60=7,AP60,IF(AM60=8,AP60,IF(AM60=9,AQ60,IF(AM60=10,AP60,IF(AM60=11,AQ60,IF(AM60=12,AP60)))))))))))) -> 30 | AP60: 31 | AQ60: 30 | AR60: 28 | AW60: =$AW$7 -> HAZİRAN 2026 | AZ60: =VLOOKUP(AX60,$BK$3:$BL$10,2,FALSE) -> #N/A
A61: 55 | B61: 29318435410 | C61: AHMET SELİM ŞAHİN | G61: ██ | H61: ██ | I61: ██ | J61: ██ | N61: ██ | O61: ██ | P61: ██ | Q61: ██ | U61: ██ | V61: ██ | W61: ██ | X61: ██ | AB61: ██ | AC61: ██ | AD61: ██ | AE61: ██ | AI61: =COUNTBLANK(D61:AG61) -> 14 | AJ61: =IF(B61>10000000,AI61,0) -> 14 | AK61: =AO61-AN61 -> 0 | AL61: İ | AM61: =MONTH(AW61) -> 6 | AN61: =COUNTA(D61:AH61) -> 30 | AO61: =IF(AM61=1,AP61,IF(AM61=2,AR61,IF(AM61=3,AP61,IF(AM61=4,AQ61,IF(AM61=5,AP61,IF(AM61=6,AQ61,IF(AM61=7,AP61,IF(AM61=8,AP61,IF(AM61=9,AQ61,IF(AM61=10,AP61,IF(AM61=11,AQ61,IF(AM61=12,AP61)))))))))))) -> 30 | AP61: 31 | AQ61: 30 | AR61: 28 | AW61: =$AW$7 -> HAZİRAN 2026 | AZ61: =VLOOKUP(AX61,$BK$3:$BL$10,2,FALSE) -> #N/A
A62: 56 | B62: 12272215372 | C62: AHMET SİNAN KILINÇ | D62: ██ | H62: ██ | I62: ██ | J62: ██ | K62: ██ | O62: ██ | P62: ██ | Q62: ██ | R62: ██ | T62: S | V62: ██ | W62: ██ | X62: ██ | Y62: ██ | AC62: ██ | AD62: ██ | AE62: ██ | AF62: ██ | AI62: =COUNTBLANK(D62:AG62) -> 12 | AJ62: =IF(B62>10000000,AI62,0) -> 12 | AK62: =AO62-AN62 -> 0 | AL62: D | AM62: =MONTH(AW62) -> 6 | AN62: =COUNTA(D62:AH62) -> 30 | AO62: =IF(AM62=1,AP62,IF(AM62=2,AR62,IF(AM62=3,AP62,IF(AM62=4,AQ62,IF(AM62=5,AP62,IF(AM62=6,AQ62,IF(AM62=7,AP62,IF(AM62=8,AP62,IF(AM62=9,AQ62,IF(AM62=10,AP62,IF(AM62=11,AQ62,IF(AM62=12,AP62)))))))))))) -> 30 | AP62: 31 | AQ62: 30 | AR62: 28 | AW62: =$AW$7 -> HAZİRAN 2026 | AZ62: =VLOOKUP(AX62,$BK$3:$BL$10,2,FALSE) -> #N/A
A63: 57 | B63: 10823285638 | C63: AHMET SUNGUR ÖZEL | E63: ██ | G63: ██ | I63: ██ | J63: ██ | K63: ██ | N63: ██ | P63: ██ | Q63: ██ | U63: ██ | V63: ██ | W63: ██ | X63: ██ | AB63: ██ | AC63: ██ | AD63: ██ | AE63: ██ | AI63: =COUNTBLANK(D63:AG63) -> 14 | AJ63: =IF(B63>10000000,AI63,0) -> 14 | AK63: =AO63-AN63 -> 0 | AM63: =MONTH(AW63) -> 6 | AN63: =COUNTA(D63:AH63) -> 30 | AO63: =IF(AM63=1,AP63,IF(AM63=2,AR63,IF(AM63=3,AP63,IF(AM63=4,AQ63,IF(AM63=5,AP63,IF(AM63=6,AQ63,IF(AM63=7,AP63,IF(AM63=8,AP63,IF(AM63=9,AQ63,IF(AM63=10,AP63,IF(AM63=11,AQ63,IF(AM63=12,AP63)))))))))))) -> 30 | AP63: 31 | AQ63: 30 | AR63: 28 | AW63: =$AW$7 -> HAZİRAN 2026 | AZ63: =VLOOKUP(AX63,$BK$3:$BL$10,2,FALSE) -> #N/A
A64: 58 | B64: 22684819662 | C64: AHMET TUNAHAN BALIKCI | G64: ██ | H64: ██ | I64: ██ | J64: ██ | K64: ██ | L64: İ | M64: İ | O64: ██ | P64: ██ | Q64: ██ | R64: ██ | S64: ██ | T64: ██ | U64: ██ | V64: ██ | W64: ██ | X64: ██ | Y64: ██ | Z64: ██ | AA64: ██ | AB64: ██ | AC64: ██ | AD64: ██ | AE64: ██ | AF64: ██ | AG64: ██ | AI64: =COUNTBLANK(D64:AG64) -> 4 | AJ64: =IF(B64>10000000,AI64,0) -> 4 | AK64: =AO64-AN64 -> 0 | AM64: =MONTH(AW64) -> 6 | AN64: =COUNTA(D64:AH64) -> 30 | AO64: =IF(AM64=1,AP64,IF(AM64=2,AR64,IF(AM64=3,AP64,IF(AM64=4,AQ64,IF(AM64=5,AP64,IF(AM64=6,AQ64,IF(AM64=7,AP64,IF(AM64=8,AP64,IF(AM64=9,AQ64,IF(AM64=10,AP64,IF(AM64=11,AQ64,IF(AM64=12,AP64)))))))))))) -> 30 | AP64: 31 | AQ64: 30 | AR64: 28 | AW64: =$AW$7 -> HAZİRAN 2026 | AZ64: =VLOOKUP(AX64,$BK$3:$BL$10,2,FALSE) -> #N/A
A65: 59 | B65: 11702249444 | C65: AHMET TUNAHAN KILINÇ | E65: ██ | G65: ██ | I65: ██ | J65: ██ | L65: ██ | N65: ██ | P65: ██ | Q65: ██ | S65: ██ | U65: ██ | W65: ██ | X65: ██ | Z65: ██ | AB65: ██ | AD65: ██ | AE65: ██ | AG65: ██ | AI65: =COUNTBLANK(D65:AG65) -> 13 | AJ65: =IF(B65>10000000,AI65,0) -> 13 | AK65: =AO65-AN65 -> 0 | AM65: =MONTH(AW65) -> 6 | AN65: =COUNTA(D65:AH65) -> 30 | AO65: =IF(AM65=1,AP65,IF(AM65=2,AR65,IF(AM65=3,AP65,IF(AM65=4,AQ65,IF(AM65=5,AP65,IF(AM65=6,AQ65,IF(AM65=7,AP65,IF(AM65=8,AP65,IF(AM65=9,AQ65,IF(AM65=10,AP65,IF(AM65=11,AQ65,IF(AM65=12,AP65)))))))))))) -> 30 | AP65: 31 | AQ65: 30 | AR65: 28 | AW65: =$AW$7 -> HAZİRAN 2026 | AZ65: =VLOOKUP(AX65,$BK$3:$BL$10,2,FALSE) -> #N/A
A66: 60 | B66: 48013224396 | C66: AHMET YASİN MAVİŞ | G66: ██ | H66: ██ | I66: ██ | J66: ██ | N66: ██ | O66: ██ | P66: ██ | Q66: ██ | U66: ██ | V66: ██ | W66: ██ | X66: ██ | AB66: ██ | AC66: ██ | AD66: ██ | AE66: ██ | AI66: =COUNTBLANK(D66:AG66) -> 14 | AJ66: =IF(B66>10000000,AI66,0) -> 14 | AK66: =AO66-AN66 -> 0 | AM66: =MONTH(AW66) -> 6 | AN66: =COUNTA(D66:AH66) -> 30 | AO66: =IF(AM66=1,AP66,IF(AM66=2,AR66,IF(AM66=3,AP66,IF(AM66=4,AQ66,IF(AM66=5,AP66,IF(AM66=6,AQ66,IF(AM66=7,AP66,IF(AM66=8,AP66,IF(AM66=9,AQ66,IF(AM66=10,AP66,IF(AM66=11,AQ66,IF(AM66=12,AP66)))))))))))) -> 30 | AP66: 31 | AQ66: 30 | AR66: 28 | AW66: =$AW$7 -> HAZİRAN 2026 | AZ66: =VLOOKUP(AX66,$BK$3:$BL$10,2,FALSE) -> #N/A
A67: 61 | B67: 28169555506 | C67: AHSEN ASMİN SONGAN | G67: ██ | H67: ██ | I67: ██ | J67: ██ | N67: ██ | O67: ██ | P67: ██ | Q67: ██ | U67: ██ | V67: ██ | W67: ██ | X67: ██ | AB67: ██ | AC67: ██ | AD67: ██ | AE67: ██ | AI67: =COUNTBLANK(D67:AG67) -> 14 | AJ67: =IF(B67>10000000,AI67,0) -> 14 | AK67: =AO67-AN67 -> 0 | AM67: =MONTH(AW67) -> 6 | AN67: =COUNTA(D67:AH67) -> 30 | AO67: =IF(AM67=1,AP67,IF(AM67=2,AR67,IF(AM67=3,AP67,IF(AM67=4,AQ67,IF(AM67=5,AP67,IF(AM67=6,AQ67,IF(AM67=7,AP67,IF(AM67=8,AP67,IF(AM67=9,AQ67,IF(AM67=10,AP67,IF(AM67=11,AQ67,IF(AM67=12,AP67)))))))))))) -> 30 | AP67: 31 | AQ67: 30 | AR67: 28 | AW67: =$AW$7 -> HAZİRAN 2026 | AZ67: =VLOOKUP(AX67,$BK$3:$BL$10,2,FALSE) -> #N/A
A68: 62 | B68: 12284343940 | C68: AİŞE PARLAKYILDIZ | G68: ██ | H68: ██ | I68: ██ | J68: ██ | N68: ██ | O68: ██ | P68: ██ | Q68: ██ | U68: ██ | V68: ██ | W68: ██ | X68: ██ | AB68: ██ | AC68: ██ | AD68: ██ | AE68: ██ | AI68: =COUNTBLANK(D68:AG68) -> 14 | AJ68: =IF(B68>10000000,AI68,0) -> 14 | AK68: =AO68-AN68 -> 0 | AM68: =MONTH(AW68) -> 6 | AN68: =COUNTA(D68:AH68) -> 30 | AO68: =IF(AM68=1,AP68,IF(AM68=2,AR68,IF(AM68=3,AP68,IF(AM68=4,AQ68,IF(AM68=5,AP68,IF(AM68=6,AQ68,IF(AM68=7,AP68,IF(AM68=8,AP68,IF(AM68=9,AQ68,IF(AM68=10,AP68,IF(AM68=11,AQ68,IF(AM68=12,AP68)))))))))))) -> 30 | AP68: 31 | AQ68: 30 | AR68: 28 | AW68: =$AW$7 -> HAZİRAN 2026 | AZ68: =VLOOKUP(AX68,$BK$3:$BL$10,2,FALSE) -> #N/A
A69: 63 | B69: 10472557506 | C69: AKİF SÜHA LAVKAR | G69: ██ | H69: ██ | I69: ██ | J69: ██ | N69: ██ | O69: ██ | P69: ██ | Q69: ██ | U69: ██ | V69: ██ | W69: ██ | X69: ██ | AB69: ██ | AC69: ██ | AD69: ██ | AE69: ██ | AI69: =COUNTBLANK(D69:AG69) -> 14 | AJ69: =IF(B69>10000000,AI69,0) -> 14 | AK69: =AO69-AN69 -> 0 | AM69: =MONTH(AW69) -> 6 | AN69: =COUNTA(D69:AH69) -> 30 | AO69: =IF(AM69=1,AP69,IF(AM69=2,AR69,IF(AM69=3,AP69,IF(AM69=4,AQ69,IF(AM69=5,AP69,IF(AM69=6,AQ69,IF(AM69=7,AP69,IF(AM69=8,AP69,IF(AM69=9,AQ69,IF(AM69=10,AP69,IF(AM69=11,AQ69,IF(AM69=12,AP69)))))))))))) -> 30 | AP69: 31 | AQ69: 30 | AR69: 28 | AW69: =$AW$7 -> HAZİRAN 2026 | AZ69: =VLOOKUP(AX69,$BK$3:$BL$10,2,FALSE) -> #N/A
A70: 64 | B70: 13964174410 | C70: AKIN YAVUZ | D70: ██ | F70: ██ | I70: ██ | J70: ██ | K70: ██ | M70: ██ | P70: ██ | Q70: ██ | R70: ██ | T70: ██ | W70: ██ | X70: ██ | Y70: ██ | AA70: ██ | AD70: ██ | AE70: ██ | AI70: =COUNTBLANK(D70:AG70) -> 14 | AJ70: =IF(B70>10000000,AI70,0) -> 14 | AK70: =AO70-AN70 -> 0 | AM70: =MONTH(AW70) -> 6 | AN70: =COUNTA(D70:AH70) -> 30 | AO70: =IF(AM70=1,AP70,IF(AM70=2,AR70,IF(AM70=3,AP70,IF(AM70=4,AQ70,IF(AM70=5,AP70,IF(AM70=6,AQ70,IF(AM70=7,AP70,IF(AM70=8,AP70,IF(AM70=9,AQ70,IF(AM70=10,AP70,IF(AM70=11,AQ70,IF(AM70=12,AP70)))))))))))) -> 30 | AP70: 31 | AQ70: 30 | AR70: 28 | AW70: =$AW$7 -> HAZİRAN 2026 | AZ70: =VLOOKUP(AX70,$BK$3:$BL$10,2,FALSE) -> #N/A
A71: 65 | B71: 10039814196 | C71: ALAADDİN FATİH GÜVENLİER | G71: ██ | H71: ██ | I71: ██ | J71: ██ | N71: ██ | O71: ██ | P71: ██ | Q71: ██ | U71: ██ | V71: ██ | W71: ██ | X71: ██ | AB71: ██ | AC71: ██ | AD71: ██ | AE71: ██ | AI71: =COUNTBLANK(D71:AG71) -> 14 | AJ71: =IF(B71>10000000,AI71,0) -> 14 | AK71: =AO71-AN71 -> 0 | AM71: =MONTH(AW71) -> 6 | AN71: =COUNTA(D71:AH71) -> 30 | AO71: =IF(AM71=1,AP71,IF(AM71=2,AR71,IF(AM71=3,AP71,IF(AM71=4,AQ71,IF(AM71=5,AP71,IF(AM71=6,AQ71,IF(AM71=7,AP71,IF(AM71=8,AP71,IF(AM71=9,AQ71,IF(AM71=10,AP71,IF(AM71=11,AQ71,IF(AM71=12,AP71)))))))))))) -> 30 | AP71: 31 | AQ71: 30 | AR71: 28 | AW71: =$AW$7 -> HAZİRAN 2026 | AZ71: =VLOOKUP(AX71,$BK$3:$BL$10,2,FALSE) -> #N/A
A72: 66 | B72: 10688379428 | C72: ALEYNA ADMIŞ | G72: ██ | H72: ██ | I72: ██ | J72: ██ | M72: ██ | O72: ██ | P72: ██ | Q72: ██ | U72: ██ | V72: ██ | W72: ██ | X72: ██ | AB72: ██ | AC72: ██ | AD72: ██ | AE72: ██ | AI72: =COUNTBLANK(D72:AG72) -> 14 | AJ72: =IF(B72>10000000,AI72,0) -> 14 | AK72: =AO72-AN72 -> 0 | AM72: =MONTH(AW72) -> 6 | AN72: =COUNTA(D72:AH72) -> 30 | AO72: =IF(AM72=1,AP72,IF(AM72=2,AR72,IF(AM72=3,AP72,IF(AM72=4,AQ72,IF(AM72=5,AP72,IF(AM72=6,AQ72,IF(AM72=7,AP72,IF(AM72=8,AP72,IF(AM72=9,AQ72,IF(AM72=10,AP72,IF(AM72=11,AQ72,IF(AM72=12,AP72)))))))))))) -> 30 | AP72: 31 | AQ72: 30 | AR72: 28 | AW72: =$AW$7 -> HAZİRAN 2026 | AZ72: =VLOOKUP(AX72,$BK$3:$BL$10,2,FALSE) -> #N/A
A73: 67 | B73: 10319391300 | C73: ALEYNA ATAŞ | D73: ██ | E73: ██ | F73: ██ | G73: ██ | H73: ██ | I73: ██ | J73: ██ | K73: ██ | L73: ██ | M73: ██ | N73: ██ | O73: ██ | P73: ██ | Q73: ██ | R73: ██ | S73: ██ | T73: ██ | U73: ██ | V73: ██ | W73: ██ | X73: ██ | Y73: ██ | Z73: ██ | AA73: ██ | AB73: ██ | AC73: ██ | AD73: ██ | AE73: ██ | AF73: ██ | AG73: ██ | AI73: =COUNTBLANK(D73:AG73) -> 0 | AJ73: =IF(B73>10000000,AI73,0) -> 0 | AK73: =AO73-AN73 -> 0 | AM73: =MONTH(AW73) -> 6 | AN73: =COUNTA(D73:AH73) -> 30 | AO73: =IF(AM73=1,AP73,IF(AM73=2,AR73,IF(AM73=3,AP73,IF(AM73=4,AQ73,IF(AM73=5,AP73,IF(AM73=6,AQ73,IF(AM73=7,AP73,IF(AM73=8,AP73,IF(AM73=9,AQ73,IF(AM73=10,AP73,IF(AM73=11,AQ73,IF(AM73=12,AP73)))))))))))) -> 30 | AP73: 31 | AQ73: 30 | AR73: 28 | AW73: =$AW$7 -> HAZİRAN 2026 | AZ73: =VLOOKUP(AX73,$BK$3:$BL$10,2,FALSE) -> #N/A
A74: 68 | B74: 11339325894 | C74: ALEYNA BEKTAŞLI | G74: ██ | H74: ██ | I74: ██ | J74: ██ | N74: ██ | O74: ██ | P74: ██ | Q74: ██ | U74: ██ | V74: ██ | W74: ██ | X74: ██ | Y74: İ | Z74: İ | AA74: İ | AB74: ██ | AC74: ██ | AD74: ██ | AE74: ██ | AF74: İ | AG74: İ | AI74: =COUNTBLANK(D74:AG74) -> 9 | AJ74: =IF(B74>10000000,AI74,0) -> 9 | AK74: =AO74-AN74 -> 0 | AM74: =MONTH(AW74) -> 6 | AN74: =COUNTA(D74:AH74) -> 30 | AO74: =IF(AM74=1,AP74,IF(AM74=2,AR74,IF(AM74=3,AP74,IF(AM74=4,AQ74,IF(AM74=5,AP74,IF(AM74=6,AQ74,IF(AM74=7,AP74,IF(AM74=8,AP74,IF(AM74=9,AQ74,IF(AM74=10,AP74,IF(AM74=11,AQ74,IF(AM74=12,AP74)))))))))))) -> 30 | AP74: 31 | AQ74: 30 | AR74: 28 | AW74: =$AW$7 -> HAZİRAN 2026 | AZ74: =VLOOKUP(AX74,$BK$3:$BL$10,2,FALSE) -> #N/A
A75: 69 | B75: 12899207200 | C75: ALEYNA TAŞÇI | G75: ██ | H75: ██ | I75: ██ | J75: ██ | N75: ██ | O75: ██ | P75: ██ | Q75: ██ | U75: ██ | V75: ██ | W75: ██ | X75: ██ | AB75: ██ | AC75: ██ | AD75: ██ | AE75: ██ | AI75: =COUNTBLANK(D75:AG75) -> 14 | AJ75: =IF(B75>10000000,AI75,0) -> 14 | AK75: =AO75-AN75 -> 0 | AM75: =MONTH(AW75) -> 6 | AN75: =COUNTA(D75:AH75) -> 30 | AO75: =IF(AM75=1,AP75,IF(AM75=2,AR75,IF(AM75=3,AP75,IF(AM75=4,AQ75,IF(AM75=5,AP75,IF(AM75=6,AQ75,IF(AM75=7,AP75,IF(AM75=8,AP75,IF(AM75=9,AQ75,IF(AM75=10,AP75,IF(AM75=11,AQ75,IF(AM75=12,AP75)))))))))))) -> 30 | AP75: 31 | AQ75: 30 | AR75: 28 | AW75: =$AW$7 -> HAZİRAN 2026 | AZ75: =VLOOKUP(AX75,$BK$3:$BL$10,2,FALSE) -> #N/A
A76: 70 | B76: 47344548706 | C76: ALEYNA ZENCİRLİ | G76: ██ | H76: ██ | I76: ██ | J76: ██ | N76: ██ | O76: ██ | P76: ██ | Q76: ██ | R76: ██ | S76: ██ | T76: ██ | U76: ██ | V76: ██ | W76: ██ | X76: ██ | Y76: ██ | Z76: ██ | AA76: ██ | AB76: ██ | AC76: ██ | AD76: ██ | AE76: ██ | AF76: ██ | AG76: ██ | AI76: =COUNTBLANK(D76:AG76) -> 6 | AJ76: =IF(B76>10000000,AI76,0) -> 6 | AK76: =AO76-AN76 -> 0 | AM76: =MONTH(AW76) -> 6 | AN76: =COUNTA(D76:AH76) -> 30 | AO76: =IF(AM76=1,AP76,IF(AM76=2,AR76,IF(AM76=3,AP76,IF(AM76=4,AQ76,IF(AM76=5,AP76,IF(AM76=6,AQ76,IF(AM76=7,AP76,IF(AM76=8,AP76,IF(AM76=9,AQ76,IF(AM76=10,AP76,IF(AM76=11,AQ76,IF(AM76=12,AP76)))))))))))) -> 30 | AP76: 31 | AQ76: 30 | AR76: 28 | AW76: =$AW$7 -> HAZİRAN 2026 | AZ76: =VLOOKUP(AX76,$BK$3:$BL$10,2,FALSE) -> #N/A
A77: 71 | B77: 10230158808 | C77: ALEYNA NUR ÇEVİK | D77: ██ | E77: ██ | F77: ██ | G77: ██ | H77: ██ | I77: ██ | J77: ██ | M77: ██ | N77: ██ | P77: ██ | Q77: ██ | T77: ██ | U77: ██ | W77: ██ | X77: ██ | AA77: ██ | AB77: ██ | AC77: ██ | AD77: ██ | AE77: ██ | AI77: =COUNTBLANK(D77:AG77) -> 10 | AJ77: =IF(B77>10000000,AI77,0) -> 10 | AK77: =AO77-AN77 -> 0 | AM77: =MONTH(AW77) -> 6 | AN77: =COUNTA(D77:AH77) -> 30 | AO77: =IF(AM77=1,AP77,IF(AM77=2,AR77,IF(AM77=3,AP77,IF(AM77=4,AQ77,IF(AM77=5,AP77,IF(AM77=6,AQ77,IF(AM77=7,AP77,IF(AM77=8,AP77,IF(AM77=9,AQ77,IF(AM77=10,AP77,IF(AM77=11,AQ77,IF(AM77=12,AP77)))))))))))) -> 30 | AP77: 31 | AQ77: 30 | AR77: 28 | AW77: =$AW$7 -> HAZİRAN 2026 | AZ77: =VLOOKUP(AX77,$BK$3:$BL$10,2,FALSE) -> #N/A
A78: 72 | B78: 15035913614 | C78: ALİ AKCAN | D78: ██ | F78: ██ | I78: ██ | J78: ██ | N78: ██ | O78: ██ | P78: ██ | Q78: ██ | U78: ██ | V78: ██ | W78: ██ | X78: ██ | AB78: ██ | AC78: ██ | AD78: ██ | AE78: ██ | AI78: =COUNTBLANK(D78:AG78) -> 14 | AJ78: =IF(B78>10000000,AI78,0) -> 14 | AK78: =AO78-AN78 -> 0 | AM78: =MONTH(AW78) -> 6 | AN78: =COUNTA(D78:AH78) -> 30 | AO78: =IF(AM78=1,AP78,IF(AM78=2,AR78,IF(AM78=3,AP78,IF(AM78=4,AQ78,IF(AM78=5,AP78,IF(AM78=6,AQ78,IF(AM78=7,AP78,IF(AM78=8,AP78,IF(AM78=9,AQ78,IF(AM78=10,AP78,IF(AM78=11,AQ78,IF(AM78=12,AP78)))))))))))) -> 30 | AP78: 31 | AQ78: 30 | AR78: 28 | AW78: =$AW$7 -> HAZİRAN 2026 | AZ78: =VLOOKUP(AX78,$BK$3:$BL$10,2,FALSE) -> #N/A
A79: 73 | B79: 16460670448 | C79: ALİ ASLAN | G79: ██ | H79: ██ | I79: ██ | J79: ██ | N79: ██ | O79: ██ | P79: ██ | Q79: ██ | U79: ██ | V79: ██ | W79: ██ | X79: ██ | AB79: ██ | AC79: ██ | AD79: ██ | AE79: ██ | AG79: MG | AI79: =COUNTBLANK(D79:AG79) -> 13 | AJ79: =IF(B79>10000000,AI79,0) -> 13 | AK79: =AO79-AN79 -> 0 | AM79: =MONTH(AW79) -> 6 | AN79: =COUNTA(D79:AH79) -> 30 | AO79: =IF(AM79=1,AP79,IF(AM79=2,AR79,IF(AM79=3,AP79,IF(AM79=4,AQ79,IF(AM79=5,AP79,IF(AM79=6,AQ79,IF(AM79=7,AP79,IF(AM79=8,AP79,IF(AM79=9,AQ79,IF(AM79=10,AP79,IF(AM79=11,AQ79,IF(AM79=12,AP79)))))))))))) -> 30 | AP79: 31 | AQ79: 30 | AR79: 28 | AW79: =$AW$7 -> HAZİRAN 2026 | AZ79: =VLOOKUP(AX79,$BK$3:$BL$10,2,FALSE) -> #N/A
A80: 74 | B80: 14843151096 | C80: ALİ BARAN | D80: ██ | H80: ██ | I80: ██ | J80: ██ | N80: ██ | O80: ██ | P80: ██ | Q80: ██ | U80: ██ | V80: ██ | W80: ██ | X80: ██ | AB80: ██ | AC80: ██ | AD80: ██ | AE80: ██ | AI80: =COUNTBLANK(D80:AG80) -> 14 | AJ80: =IF(B80>10000000,AI80,0) -> 14 | AK80: =AO80-AN80 -> 0 | AM80: =MONTH(AW80) -> 6 | AN80: =COUNTA(D80:AH80) -> 30 | AO80: =IF(AM80=1,AP80,IF(AM80=2,AR80,IF(AM80=3,AP80,IF(AM80=4,AQ80,IF(AM80=5,AP80,IF(AM80=6,AQ80,IF(AM80=7,AP80,IF(AM80=8,AP80,IF(AM80=9,AQ80,IF(AM80=10,AP80,IF(AM80=11,AQ80,IF(AM80=12,AP80)))))))))))) -> 30 | AP80: 31 | AQ80: 30 | AR80: 28 | AW80: =$AW$7 -> HAZİRAN 2026 | AZ80: =VLOOKUP(AX80,$BK$3:$BL$10,2,FALSE) -> #N/A
A81: 75 | B81: 20837153526 | C81: ALİ BOL | G81: ██ | H81: ██ | I81: ██ | J81: ██ | N81: ██ | O81: ██ | P81: ██ | Q81: ██ | U81: ██ | V81: ██ | W81: ██ | X81: ██ | AB81: ██ | AC81: ██ | AD81: ██ | AE81: ██ | AI81: =COUNTBLANK(D81:AG81) -> 14 | AJ81: =IF(B81>10000000,AI81,0) -> 14 | AK81: =AO81-AN81 -> 0 | AM81: =MONTH(AW81) -> 6 | AN81: =COUNTA(D81:AH81) -> 30 | AO81: =IF(AM81=1,AP81,IF(AM81=2,AR81,IF(AM81=3,AP81,IF(AM81=4,AQ81,IF(AM81=5,AP81,IF(AM81=6,AQ81,IF(AM81=7,AP81,IF(AM81=8,AP81,IF(AM81=9,AQ81,IF(AM81=10,AP81,IF(AM81=11,AQ81,IF(AM81=12,AP81)))))))))))) -> 30 | AP81: 31 | AQ81: 30 | AR81: 28 | AW81: =$AW$7 -> HAZİRAN 2026 | AZ81: =VLOOKUP(AX81,$BK$3:$BL$10,2,FALSE) -> #N/A
A82: 76 | B82: 11762324310 | C82: ALİ KILIÇLAR | D82: ██ | E82: ██ | F82: İ | G82: ██ | H82: İ | I82: ██ | J82: ██ | K82: ██ | L82: ██ | M82: MG | N82: ██ | O82: MG | P82: ██ | Q82: ██ | R82: ██ | S82: ██ | T82: MG | U82: ██ | V82: MG | W82: ██ | X82: ██ | Y82: ██ | Z82: ██ | AA82: MG | AB82: ██ | AC82: MG | AD82: ██ | AE82: ██ | AF82: ██ | AG82: ██ | AI82: =COUNTBLANK(D82:AG82) -> 0 | AJ82: =IF(B82>10000000,AI82,0) -> 0 | AK82: =AO82-AN82 -> 0 | AL82: ▒▒ | AM82: =MONTH(AW82) -> 6 | AN82: =COUNTA(D82:AH82) -> 30 | AO82: =IF(AM82=1,AP82,IF(AM82=2,AR82,IF(AM82=3,AP82,IF(AM82=4,AQ82,IF(AM82=5,AP82,IF(AM82=6,AQ82,IF(AM82=7,AP82,IF(AM82=8,AP82,IF(AM82=9,AQ82,IF(AM82=10,AP82,IF(AM82=11,AQ82,IF(AM82=12,AP82)))))))))))) -> 30 | AP82: 31 | AQ82: 30 | AR82: 28 | AW82: =$AW$7 -> HAZİRAN 2026 | AZ82: =VLOOKUP(AX82,$BK$3:$BL$10,2,FALSE) -> #N/A
A83: 77 | B83: 10667338576 | C83: ALİ KOCAOĞLU | G83: ██ | H83: ██ | I83: ██ | J83: ██ | N83: ██ | O83: ██ | P83: ██ | Q83: ██ | U83: ██ | V83: ██ | W83: ██ | X83: ██ | AB83: ██ | AC83: ██ | AD83: ██ | AE83: ██ | AI83: =COUNTBLANK(D83:AG83) -> 14 | AJ83: =IF(B83>10000000,AI83,0) -> 14 | AK83: =AO83-AN83 -> 0 | AL83: Ü | AM83: =MONTH(AW83) -> 6 | AN83: =COUNTA(D83:AH83) -> 30 | AO83: =IF(AM83=1,AP83,IF(AM83=2,AR83,IF(AM83=3,AP83,IF(AM83=4,AQ83,IF(AM83=5,AP83,IF(AM83=6,AQ83,IF(AM83=7,AP83,IF(AM83=8,AP83,IF(AM83=9,AQ83,IF(AM83=10,AP83,IF(AM83=11,AQ83,IF(AM83=12,AP83)))))))))))) -> 30 | AP83: 31 | AQ83: 30 | AR83: 28 | AW83: =$AW$7 -> HAZİRAN 2026 | AZ83: =VLOOKUP(AX83,$BK$3:$BL$10,2,FALSE) -> #N/A
A84: 78 | B84: 16048290976 | C84: ALİ KÖR | E84: ██ | H84: ██ | I84: ██ | J84: ██ | N84: ██ | O84: ██ | P84: ██ | Q84: ██ | U84: ██ | V84: ██ | W84: ██ | X84: ██ | AB84: ██ | AC84: ██ | AD84: ██ | AE84: ██ | AI84: =COUNTBLANK(D84:AG84) -> 14 | AJ84: =IF(B84>10000000,AI84,0) -> 14 | AK84: =AO84-AN84 -> 0 | AL84: S | AM84: =MONTH(AW84) -> 6 | AN84: =COUNTA(D84:AH84) -> 30 | AO84: =IF(AM84=1,AP84,IF(AM84=2,AR84,IF(AM84=3,AP84,IF(AM84=4,AQ84,IF(AM84=5,AP84,IF(AM84=6,AQ84,IF(AM84=7,AP84,IF(AM84=8,AP84,IF(AM84=9,AQ84,IF(AM84=10,AP84,IF(AM84=11,AQ84,IF(AM84=12,AP84)))))))))))) -> 30 | AP84: 31 | AQ84: 30 | AR84: 28 | AW84: =$AW$7 -> HAZİRAN 2026 | AZ84: =VLOOKUP(AX84,$BK$3:$BL$10,2,FALSE) -> #N/A
A85: 79 | B85: 46879081238 | C85: ALİ SAKIZCI | E85: ██ | G85: ██ | I85: ██ | J85: ██ | L85: ██ | N85: ██ | P85: ██ | Q85: ██ | S85: ██ | U85: ██ | W85: ██ | X85: ██ | Z85: ██ | AB85: ██ | AD85: ██ | AE85: ██ | AG85: ██ | AI85: =COUNTBLANK(D85:AG85) -> 13 | AJ85: =IF(B85>10000000,AI85,0) -> 13 | AK85: =AO85-AN85 -> 0 | AL85: M | AM85: =MONTH(AW85) -> 6 | AN85: =COUNTA(D85:AH85) -> 30 | AO85: =IF(AM85=1,AP85,IF(AM85=2,AR85,IF(AM85=3,AP85,IF(AM85=4,AQ85,IF(AM85=5,AP85,IF(AM85=6,AQ85,IF(AM85=7,AP85,IF(AM85=8,AP85,IF(AM85=9,AQ85,IF(AM85=10,AP85,IF(AM85=11,AQ85,IF(AM85=12,AP85)))))))))))) -> 30 | AP85: 31 | AQ85: 30 | AR85: 28 | AW85: =$AW$7 -> HAZİRAN 2026 | AZ85: =VLOOKUP(AX85,$BK$3:$BL$10,2,FALSE) -> #N/A
A86: 80 | B86: 47401050876 | C86: ALİ BARAN ASLANPAY | G86: ██ | H86: ██ | I86: ██ | J86: ██ | N86: ██ | O86: ██ | P86: ██ | Q86: ██ | U86: ██ | V86: ██ | W86: ██ | X86: ██ | AB86: ██ | AC86: ██ | AD86: ██ | AE86: ██ | AI86: =COUNTBLANK(D86:AG86) -> 14 | AJ86: =IF(B86>10000000,AI86,0) -> 14 | AK86: =AO86-AN86 -> 0 | AL86: İ | AM86: =MONTH(AW86) -> 6 | AN86: =COUNTA(D86:AH86) -> 30 | AO86: =IF(AM86=1,AP86,IF(AM86=2,AR86,IF(AM86=3,AP86,IF(AM86=4,AQ86,IF(AM86=5,AP86,IF(AM86=6,AQ86,IF(AM86=7,AP86,IF(AM86=8,AP86,IF(AM86=9,AQ86,IF(AM86=10,AP86,IF(AM86=11,AQ86,IF(AM86=12,AP86)))))))))))) -> 30 | AP86: 31 | AQ86: 30 | AR86: 28 | AW86: =$AW$7 -> HAZİRAN 2026 | AZ86: =VLOOKUP(AX86,$BK$3:$BL$10,2,FALSE) -> #N/A
A87: 81 | B87: 11063269716 | C87: ALİCAN KOCA | G87: ██ | H87: ██ | I87: ██ | J87: ██ | N87: ██ | O87: ██ | P87: ██ | Q87: ██ | U87: ██ | V87: ██ | W87: ██ | X87: ██ | AB87: ██ | AC87: ██ | AD87: ██ | AE87: ██ | AI87: =COUNTBLANK(D87:AG87) -> 14 | AJ87: =IF(B87>10000000,AI87,0) -> 14 | AK87: =AO87-AN87 -> 0 | AL87: D | AM87: =MONTH(AW87) -> 6 | AN87: =COUNTA(D87:AH87) -> 30 | AO87: =IF(AM87=1,AP87,IF(AM87=2,AR87,IF(AM87=3,AP87,IF(AM87=4,AQ87,IF(AM87=5,AP87,IF(AM87=6,AQ87,IF(AM87=7,AP87,IF(AM87=8,AP87,IF(AM87=9,AQ87,IF(AM87=10,AP87,IF(AM87=11,AQ87,IF(AM87=12,AP87)))))))))))) -> 30 | AP87: 31 | AQ87: 30 | AR87: 28 | AW87: =$AW$7 -> HAZİRAN 2026 | AZ87: =VLOOKUP(AX87,$BK$3:$BL$10,2,FALSE) -> #N/A
A88: 82 | B88: 10325283644 | C88: ALİ ERDEM AYATA | G88: ██ | H88: ██ | I88: ██ | J88: ██ | N88: ██ | O88: ██ | P88: ██ | Q88: ██ | U88: ██ | V88: ██ | W88: ██ | X88: ██ | AB88: ██ | AC88: ██ | AD88: ██ | AE88: ██ | AI88: =COUNTBLANK(D88:AG88) -> 14 | AJ88: =IF(B88>10000000,AI88,0) -> 14 | AK88: =AO88-AN88 -> 0 | AM88: =MONTH(AW88) -> 6 | AN88: =COUNTA(D88:AH88) -> 30 | AO88: =IF(AM88=1,AP88,IF(AM88=2,AR88,IF(AM88=3,AP88,IF(AM88=4,AQ88,IF(AM88=5,AP88,IF(AM88=6,AQ88,IF(AM88=7,AP88,IF(AM88=8,AP88,IF(AM88=9,AQ88,IF(AM88=10,AP88,IF(AM88=11,AQ88,IF(AM88=12,AP88)))))))))))) -> 30 | AP88: 31 | AQ88: 30 | AR88: 28 | AW88: =$AW$7 -> HAZİRAN 2026 | AZ88: =VLOOKUP(AX88,$BK$3:$BL$10,2,FALSE) -> #N/A
A89: 83 | B89: 14891150706 | C89: ALİ GÖKDENİZ DEMİR | G89: ██ | H89: ██ | I89: ██ | J89: ██ | N89: ██ | O89: ██ | P89: ██ | Q89: ██ | U89: ██ | V89: ██ | W89: ██ | X89: ██ | AB89: ██ | AC89: ██ | AD89: ██ | AE89: ██ | AI89: =COUNTBLANK(D89:AG89) -> 14 | AJ89: =IF(B89>10000000,AI89,0) -> 14 | AK89: =AO89-AN89 -> 0 | AM89: =MONTH(AW89) -> 6 | AN89: =COUNTA(D89:AH89) -> 30 | AO89: =IF(AM89=1,AP89,IF(AM89=2,AR89,IF(AM89=3,AP89,IF(AM89=4,AQ89,IF(AM89=5,AP89,IF(AM89=6,AQ89,IF(AM89=7,AP89,IF(AM89=8,AP89,IF(AM89=9,AQ89,IF(AM89=10,AP89,IF(AM89=11,AQ89,IF(AM89=12,AP89)))))))))))) -> 30 | AP89: 31 | AQ89: 30 | AR89: 28 | AW89: =$AW$7 -> HAZİRAN 2026 | AZ89: =VLOOKUP(AX89,$BK$3:$BL$10,2,FALSE) -> #N/A
A90: 84 | B90: 12576002586 | C90: ALİ İHSAN TURGUT | D90: ██ | E90: ██ | I90: ██ | J90: ██ | K90: ██ | L90: ██ | P90: ██ | Q90: ██ | R90: ██ | S90: ██ | W90: ██ | X90: ██ | Y90: ██ | Z90: ██ | AD90: ██ | AE90: ██ | AI90: =COUNTBLANK(D90:AG90) -> 14 | AJ90: =IF(B90>10000000,AI90,0) -> 14 | AK90: =AO90-AN90 -> 0 | AM90: =MONTH(AW90) -> 6 | AN90: =COUNTA(D90:AH90) -> 30 | AO90: =IF(AM90=1,AP90,IF(AM90=2,AR90,IF(AM90=3,AP90,IF(AM90=4,AQ90,IF(AM90=5,AP90,IF(AM90=6,AQ90,IF(AM90=7,AP90,IF(AM90=8,AP90,IF(AM90=9,AQ90,IF(AM90=10,AP90,IF(AM90=11,AQ90,IF(AM90=12,AP90)))))))))))) -> 30 | AP90: 31 | AQ90: 30 | AR90: 28 | AW90: =$AW$7 -> HAZİRAN 2026 | AZ90: =VLOOKUP(AX90,$BK$3:$BL$10,2,FALSE) -> #N/A
A91: 85 | B91: 11615251596 | C91: ALİ İSMAİL KAYA | D91: ██ | H91: ██ | I91: ██ | J91: ██ | K91: ██ | N91: İ | O91: ██ | P91: ██ | Q91: ██ | R91: ██ | S91: MG | T91: MG | U91: MG | V91: ██ | W91: ██ | X91: ██ | Y91: ██ | Z91: MG | AA91: MG | AB91: MG | AC91: ██ | AD91: ██ | AE91: ██ | AF91: ██ | AG91: MG | AI91: =COUNTBLANK(D91:AG91) -> 5 | AJ91: =IF(B91>10000000,AI91,0) -> 5 | AK91: =AO91-AN91 -> 0 | AM91: =MONTH(AW91) -> 6 | AN91: =COUNTA(D91:AH91) -> 30 | AO91: =IF(AM91=1,AP91,IF(AM91=2,AR91,IF(AM91=3,AP91,IF(AM91=4,AQ91,IF(AM91=5,AP91,IF(AM91=6,AQ91,IF(AM91=7,AP91,IF(AM91=8,AP91,IF(AM91=9,AQ91,IF(AM91=10,AP91,IF(AM91=11,AQ91,IF(AM91=12,AP91)))))))))))) -> 30 | AP91: 31 | AQ91: 30 | AR91: 28 | AW91: =$AW$7 -> HAZİRAN 2026 | AZ91: =VLOOKUP(AX91,$BK$3:$BL$10,2,FALSE) -> #N/A
A92: 86 | B92: 45148916356 | C92: ALİ KUDRET SARAÇ | D92: ██ | E92: ██ | F92: ██ | G92: ██ | I92: ██ | J92: ██ | K92: ██ | L92: ██ | M92: ██ | N92: ██ | O92: ██ | P92: ██ | Q92: ██ | R92: ██ | S92: ██ | T92: ██ | U92: ██ | V92: ██ | W92: ██ | X92: ██ | Y92: ██ | Z92: ██ | AA92: ██ | AB92: ██ | AC92: ██ | AD92: ██ | AE92: ██ | AF92: ██ | AG92: ██ | AI92: =COUNTBLANK(D92:AG92) -> 1 | AJ92: =IF(B92>10000000,AI92,0) -> 1 | AK92: =AO92-AN92 -> 0 | AM92: =MONTH(AW92) -> 6 | AN92: =COUNTA(D92:AH92) -> 30 | AO92: =IF(AM92=1,AP92,IF(AM92=2,AR92,IF(AM92=3,AP92,IF(AM92=4,AQ92,IF(AM92=5,AP92,IF(AM92=6,AQ92,IF(AM92=7,AP92,IF(AM92=8,AP92,IF(AM92=9,AQ92,IF(AM92=10,AP92,IF(AM92=11,AQ92,IF(AM92=12,AP92)))))))))))) -> 30 | AP92: 31 | AQ92: 30 | AR92: 28 | AW92: =$AW$7 -> HAZİRAN 2026 | AZ92: =VLOOKUP(AX92,$BK$3:$BL$10,2,FALSE) -> #N/A
A93: 87 | B93: 10283277594 | C93: ALİ MANSAR ÖZTÜRK | G93: ██ | H93: ██ | I93: ██ | J93: ██ | N93: ██ | O93: ██ | P93: ██ | Q93: ██ | U93: ██ | V93: ██ | W93: ██ | X93: ██ | AB93: ██ | AC93: ██ | AD93: ██ | AE93: ██ | AI93: =COUNTBLANK(D93:AG93) -> 14 | AJ93: =IF(B93>10000000,AI93,0) -> 14 | AK93: =AO93-AN93 -> 0 | AM93: =MONTH(AW93) -> 6 | AN93: =COUNTA(D93:AH93) -> 30 | AO93: =IF(AM93=1,AP93,IF(AM93=2,AR93,IF(AM93=3,AP93,IF(AM93=4,AQ93,IF(AM93=5,AP93,IF(AM93=6,AQ93,IF(AM93=7,AP93,IF(AM93=8,AP93,IF(AM93=9,AQ93,IF(AM93=10,AP93,IF(AM93=11,AQ93,IF(AM93=12,AP93)))))))))))) -> 30 | AP93: 31 | AQ93: 30 | AR93: 28 | AW93: =$AW$7 -> HAZİRAN 2026 | AZ93: =VLOOKUP(AX93,$BK$3:$BL$10,2,FALSE) -> #N/A
A94: 88 | B94: 11678237780 | C94: ALİ MURTAZA KARAKOYUN | G94: ██ | H94: ██ | I94: ██ | J94: ██ | N94: ██ | O94: ██ | P94: ██ | Q94: ██ | U94: ██ | V94: ██ | W94: ██ | X94: ██ | AB94: ██ | AC94: ██ | AD94: ██ | AE94: ██ | AI94: =COUNTBLANK(D94:AG94) -> 14 | AJ94: =IF(B94>10000000,AI94,0) -> 14 | AK94: =AO94-AN94 -> 0 | AM94: =MONTH(AW94) -> 6 | AN94: =COUNTA(D94:AH94) -> 30 | AO94: =IF(AM94=1,AP94,IF(AM94=2,AR94,IF(AM94=3,AP94,IF(AM94=4,AQ94,IF(AM94=5,AP94,IF(AM94=6,AQ94,IF(AM94=7,AP94,IF(AM94=8,AP94,IF(AM94=9,AQ94,IF(AM94=10,AP94,IF(AM94=11,AQ94,IF(AM94=12,AP94)))))))))))) -> 30 | AP94: 31 | AQ94: 30 | AR94: 28 | AW94: =$AW$7 -> HAZİRAN 2026 | AZ94: =VLOOKUP(AX94,$BK$3:$BL$10,2,FALSE) -> #N/A
A95: 89 | B95: 10831475458 | C95: ALİ OSMAN TANRIVERDİ | D95: ██ | H95: ██ | I95: ██ | J95: ██ | N95: ██ | O95: ██ | P95: ██ | Q95: ██ | U95: ██ | V95: ██ | W95: ██ | X95: ██ | AB95: ██ | AC95: ██ | AD95: ██ | AE95: ██ | AI95: =COUNTBLANK(D95:AG95) -> 14 | AJ95: =IF(B95>10000000,AI95,0) -> 14 | AK95: =AO95-AN95 -> 0 | AM95: =MONTH(AW95) -> 6 | AN95: =COUNTA(D95:AH95) -> 30 | AO95: =IF(AM95=1,AP95,IF(AM95=2,AR95,IF(AM95=3,AP95,IF(AM95=4,AQ95,IF(AM95=5,AP95,IF(AM95=6,AQ95,IF(AM95=7,AP95,IF(AM95=8,AP95,IF(AM95=9,AQ95,IF(AM95=10,AP95,IF(AM95=11,AQ95,IF(AM95=12,AP95)))))))))))) -> 30 | AP95: 31 | AQ95: 30 | AR95: 28 | AW95: =$AW$7 -> HAZİRAN 2026 | AZ95: =VLOOKUP(AX95,$BK$3:$BL$10,2,FALSE) -> #N/A
A96: 90 | B96: 26557758690 | C96: ALİ RIZA DURMAZ | F96: ██ | H96: ██ | I96: ██ | J96: ██ | M96: ██ | O96: ██ | P96: ██ | Q96: ██ | R96: ██ | V96: ██ | W96: ██ | X96: ██ | AA96: ██ | AC96: ██ | AD96: ██ | AE96: ██ | AI96: =COUNTBLANK(D96:AG96) -> 14 | AJ96: =IF(B96>10000000,AI96,0) -> 14 | AK96: =AO96-AN96 -> 0 | AM96: =MONTH(AW96) -> 6 | AN96: =COUNTA(D96:AH96) -> 30 | AO96: =IF(AM96=1,AP96,IF(AM96=2,AR96,IF(AM96=3,AP96,IF(AM96=4,AQ96,IF(AM96=5,AP96,IF(AM96=6,AQ96,IF(AM96=7,AP96,IF(AM96=8,AP96,IF(AM96=9,AQ96,IF(AM96=10,AP96,IF(AM96=11,AQ96,IF(AM96=12,AP96)))))))))))) -> 30 | AP96: 31 | AQ96: 30 | AR96: 28 | AW96: =$AW$7 -> HAZİRAN 2026 | AZ96: =VLOOKUP(AX96,$BK$3:$BL$10,2,FALSE) -> #N/A
A97: 91 | B97: 10325369706 | C97: ALİSYA TOK | G97: ██ | H97: ██ | I97: ██ | J97: ██ | N97: ██ | O97: ██ | P97: ██ | Q97: ██ | T97: İ | U97: ██ | V97: ██ | W97: ██ | X97: ██ | Y97: ██ | Z97: ██ | AA97: ██ | AB97: ██ | AC97: ██ | AD97: ██ | AE97: ██ | AF97: ██ | AG97: ██ | AI97: =COUNTBLANK(D97:AG97) -> 8 | AJ97: =IF(B97>10000000,AI97,0) -> 8 | AK97: =AO97-AN97 -> 0 | AM97: =MONTH(AW97) -> 6 | AN97: =COUNTA(D97:AH97) -> 30 | AO97: =IF(AM97=1,AP97,IF(AM97=2,AR97,IF(AM97=3,AP97,IF(AM97=4,AQ97,IF(AM97=5,AP97,IF(AM97=6,AQ97,IF(AM97=7,AP97,IF(AM97=8,AP97,IF(AM97=9,AQ97,IF(AM97=10,AP97,IF(AM97=11,AQ97,IF(AM97=12,AP97)))))))))))) -> 30 | AP97: 31 | AQ97: 30 | AR97: 28 | AW97: =$AW$7 -> HAZİRAN 2026 | AZ97: =VLOOKUP(AX97,$BK$3:$BL$10,2,FALSE) -> #N/A
A98: 92 | B98: 10913282028 | C98: ALİ TURGAY DEMİR | G98: ██ | H98: ██ | I98: ██ | J98: ██ | N98: ██ | O98: ██ | P98: ██ | Q98: ██ | U98: ██ | V98: ██ | W98: ██ | X98: ██ | AB98: ██ | AC98: ██ | AD98: ██ | AE98: ██ | AI98: =COUNTBLANK(D98:AG98) -> 14 | AJ98: =IF(B98>10000000,AI98,0) -> 14 | AK98: =AO98-AN98 -> 0 | AM98: =MONTH(AW98) -> 6 | AN98: =COUNTA(D98:AH98) -> 30 | AO98: =IF(AM98=1,AP98,IF(AM98=2,AR98,IF(AM98=3,AP98,IF(AM98=4,AQ98,IF(AM98=5,AP98,IF(AM98=6,AQ98,IF(AM98=7,AP98,IF(AM98=8,AP98,IF(AM98=9,AQ98,IF(AM98=10,AP98,IF(AM98=11,AQ98,IF(AM98=12,AP98)))))))))))) -> 30 | AP98: 31 | AQ98: 30 | AR98: 28 | AW98: =$AW$7 -> HAZİRAN 2026 | AZ98: =VLOOKUP(AX98,$BK$3:$BL$10,2,FALSE) -> #N/A
A99: 93 | B99: 11723246972 | C99: ALİ YASİN DOĞAN | G99: ██ | H99: ██ | I99: ██ | J99: ██ | N99: ██ | O99: ██ | P99: ██ | Q99: ██ | U99: ██ | V99: ██ | W99: ██ | X99: ██ | AB99: ██ | AC99: ██ | AD99: ██ | AE99: ██ | AI99: =COUNTBLANK(D99:AG99) -> 14 | AJ99: =IF(B99>10000000,AI99,0) -> 14 | AK99: =AO99-AN99 -> 0 | AM99: =MONTH(AW99) -> 6 | AN99: =COUNTA(D99:AH99) -> 30 | AO99: =IF(AM99=1,AP99,IF(AM99=2,AR99,IF(AM99=3,AP99,IF(AM99=4,AQ99,IF(AM99=5,AP99,IF(AM99=6,AQ99,IF(AM99=7,AP99,IF(AM99=8,AP99,IF(AM99=9,AQ99,IF(AM99=10,AP99,IF(AM99=11,AQ99,IF(AM99=12,AP99)))))))))))) -> 30 | AP99: 31 | AQ99: 30 | AR99: 28 | AW99: =$AW$7 -> HAZİRAN 2026 | AZ99: =VLOOKUP(AX99,$BK$3:$BL$10,2,FALSE) -> #N/A
A100: 94 | B100: 26345326742 | C100: ALP ARSLAN | E100: ██ | F100: ██ | I100: ██ | J100: ██ | N100: ██ | O100: ██ | P100: ██ | Q100: ██ | U100: ██ | V100: ██ | W100: ██ | X100: ██ | AB100: ██ | AC100: ██ | AD100: ██ | AE100: ██ | AI100: =COUNTBLANK(D100:AG100) -> 14 | AJ100: =IF(B100>10000000,AI100,0) -> 14 | AK100: =AO100-AN100 -> 0 | AM100: =MONTH(AW100) -> 6 | AN100: =COUNTA(D100:AH100) -> 30 | AO100: =IF(AM100=1,AP100,IF(AM100=2,AR100,IF(AM100=3,AP100,IF(AM100=4,AQ100,IF(AM100=5,AP100,IF(AM100=6,AQ100,IF(AM100=7,AP100,IF(AM100=8,AP100,IF(AM100=9,AQ100,IF(AM100=10,AP100,IF(AM100=11,AQ100,IF(AM100=12,AP100)))))))))))) -> 30 | AP100: 31 | AQ100: 30 | AR100: 28 | AW100: =$AW$7 -> HAZİRAN 2026 | AZ100: =VLOOKUP(AX100,$BK$3:$BL$10,2,FALSE) -> #N/A
...

Sheet 2-Bordro
B1: Sıra No | C1: İş Yeri Ünvanı | D1: ='!!! VERİLER !!!'!C4 -> GAZİANTEP REKTÖRLÜĞÜ | H1: Hesap No : | N1: ='!!! VERİLER !!!'!C8 -> TR310001200133800004000406 | V1: Sıra No
C2: SGK İşyeri Sicil Numarası | D2: ='!!! VERİLER !!!'!C7 -> 385400101122832602709-30/000 | G2: Çalışan Sayısı | H2: =COUNTIF(F5:F2004,">=1") -> 1482 | M2: Ait Olduğu Ay : | O2: ='1-Devamsızlık Formu (Ek-4)'!P1 -> HAZİRAN | P2: ='1-Devamsızlık Formu (Ek-4)'!C1 -> 2026
C3: ADI SOYADI | D3: T.C.KİMLİK NUMARASI | E3: CEP HARÇLIĞI TUTARI | F3: ÇALIŞTIĞI GÜN SAYISI | G3: AYLIK | H3: Kısa Vadeli Sigorta Kolları Primi | I3: TOPLAM SGK PRİM TUTARI | J3: Gelir Vergisi | K3: Gelir Vergisi | L3: Ödenecek | M3: Asgari Geçim İndirimi | N3: Genel Sağlık Sigortası Primi | O3: SGK PRİMİ TOPLAM | P3: TOPLAM MALİYET | Q3: İCRA | R3: NET | S3: Risk Primi | T3: İşsizlik | U3: TOPLAM TAHAKKUK
G4: NET ÜCRET | H4: 0.01 | I4: 0.055 | J4: Matrahı | K4: 0.15 | L4: Gelir vergisi | N4: 0.045 | O4: 0.055 | P4: MAAŞ+SİGORTA | Q4: KESİNTİSİ | R4: ELE GEÇEN | S4: 0.0225 | T4: 0.02
B5: 1 | C5: ='!!!KATILIMCI LİSTESİ!!!'!B2 -> ABDÜLAZİZ BÜYÜKDEMİR | D5: ='!!!KATILIMCI LİSTESİ!!!'!C2 -> 11231264864 | E5: ='!!! VERİLER !!!'!C1 -> 1375 | F5: ='1-Devamsızlık Formu (Ek-4)'!AJ7 -> 14 | G5: =IF(AND('1-Devamsızlık Formu (Ek-4)'!D7="",F5>0,'1-Devamsızlık Formu (Ek-4)'!AW7="KASIM 2024"),(E5*(F5-1)+(666.75)),E5*F5) -> 19250 | H5: =G5*0.01 -> 192.5 | I5: =G5*0.045 -> 866.25 | J5: =IF(G5>20002.5,(G5-H5-I5)-(17002.12),0) -> 0 | K5: =J5*0.15 -> 0 | L5: =ROUND(K5-M5,2) -> #REF! | M5: =IF(K5-'!!!KATILIMCI LİSTESİ!!!'!#REF!>0,'!!!KATILIMCI LİSTESİ!!!'!#REF!,K5) -> #REF! | N5: =G5*0.045 -> 866.25 | O5: =G5*0.055 -> 1058.75 | P5: =G5+O5 -> 20308.75 | Q5: ='5-Banka Listesi'!G6 -> 0 | R5: =G5-Q5 -> 19250 | S5: =ROUND(G5*0.0225,3) -> 433.125 | T5: =ROUND(G5*0.02,3) -> 385 | U5: =ROUND(Q5+R5+S5+T5,3) -> 20068.125 | V5: 1
B6: 2 | C6: ='!!!KATILIMCI LİSTESİ!!!'!B3 -> ABDULBAKİ DALGIN | D6: ='!!!KATILIMCI LİSTESİ!!!'!C3 -> 51664708658 | E6: ='!!! VERİLER !!!'!C1 -> 1375 | F6: ='1-Devamsızlık Formu (Ek-4)'!AJ8 -> 14 | G6: =IF(AND('1-Devamsızlık Formu (Ek-4)'!D8="",F6>0,'1-Devamsızlık Formu (Ek-4)'!AW8="KASIM 2024"),(E6*(F6-1)+(666.75)),E6*F6) -> 19250 | H6: =G6*0.01 -> 192.5 | I6: =G6*0.01 -> 192.5 | J6: =IF(G6>20002.5,(G6-H6-I6)-(17002.12),0) -> 0 | K6: =J6*0.15 -> 0 | L6: =ROUND(K6-M6,2) -> #REF! | M6: =IF(K6-'!!!KATILIMCI LİSTESİ!!!'!#REF!>0,'!!!KATILIMCI LİSTESİ!!!'!#REF!,K6) -> #REF! | N6: =G6*0.045 -> 866.25 | O6: =G6*0.055 -> 1058.75 | P6: =G6+O6 -> 20308.75 | Q6: ='5-Banka Listesi'!G7 -> 0 | R6: =G6-Q6 -> 19250 | S6: =ROUND(G6*0.0225,3) -> 433.125 | T6: =ROUND(G6*0.02,3) -> 385 | U6: =ROUND(Q6+R6+S6+T6,3) -> 20068.125 | V6: 2
B7: 3 | C7: ='!!!KATILIMCI LİSTESİ!!!'!B4 -> ABDULBASİT YİLMAZ | D7: ='!!!KATILIMCI LİSTESİ!!!'!C4 -> 12980258364 | E7: ='!!! VERİLER !!!'!C1 -> 1375 | F7: ='1-Devamsızlık Formu (Ek-4)'!AJ9 -> 11 | G7: =IF(AND('1-Devamsızlık Formu (Ek-4)'!D9="",F7>0,'1-Devamsızlık Formu (Ek-4)'!AW9="KASIM 2024"),(E7*(F7-1)+(666.75)),E7*F7) -> 15125 | H7: =G7*0.01 -> 151.25 | I7: =G7*0.01 -> 151.25 | J7: =IF(G7>20002.5,(G7-H7-I7)-(17002.12),0) -> 0 | K7: =J7*0.15 -> 0 | L7: =ROUND(K7-M7,2) -> #REF! | M7: =IF(K7-'!!!KATILIMCI LİSTESİ!!!'!#REF!>0,'!!!KATILIMCI LİSTESİ!!!'!#REF!,K7) -> #REF! | N7: =G7*0.045 -> 680.625 | O7: =G7*0.055 -> 831.875 | P7: =G7+O7 -> 15956.875 | Q7: ='5-Banka Listesi'!G8 -> 0 | R7: =G7-Q7 -> 15125 | S7: =ROUND(G7*0.0225,3) -> 340.313 | T7: =ROUND(G7*0.02,3) -> 302.5 | U7: =ROUND(Q7+R7+S7+T7,3) -> 15767.813 | V7: 3
B8: 4 | C8: ='!!!KATILIMCI LİSTESİ!!!'!B5 -> ABDULKADİR AKÇAKOCA | D8: ='!!!KATILIMCI LİSTESİ!!!'!C5 -> 10244285118 | E8: ='!!! VERİLER !!!'!C1 -> 1375 | F8: ='1-Devamsızlık Formu (Ek-4)'!AJ10 -> 14 | G8: =IF(AND('1-Devamsızlık Formu (Ek-4)'!D10="",F8>0,'1-Devamsızlık Formu (Ek-4)'!AW10="KASIM 2024"),(E8*(F8-1)+(666.75)),E8*F8) -> 19250 | H8: =G8*0.01 -> 192.5 | I8: =G8*0.01 -> 192.5 | J8: =IF(G8>20002.5,(G8-H8-I8)-(17002.12),0) -> 0 | K8: =J8*0.15 -> 0 | L8: =ROUND(K8-M8,2) -> #REF! | M8: =IF(K8-'!!!KATILIMCI LİSTESİ!!!'!#REF!>0,'!!!KATILIMCI LİSTESİ!!!'!#REF!,K8) -> #REF! | N8: =G8*0.045 -> 866.25 | O8: =G8*0.055 -> 1058.75 | P8: =G8+O8 -> 20308.75 | Q8: ='5-Banka Listesi'!G9 -> 0 | R8: =G8-Q8 -> 19250 | S8: =ROUND(G8*0.0225,3) -> 433.125 | T8: =ROUND(G8*0.02,3) -> 385 | U8: =ROUND(Q8+R8+S8+T8,3) -> 20068.125 | V8: 4
B9: 5 | C9: ='!!!KATILIMCI LİSTESİ!!!'!B6 -> ABDULKADİR ALPASLAN | D9: ='!!!KATILIMCI LİSTESİ!!!'!C6 -> 47248051944 | E9: ='!!! VERİLER !!!'!C1 -> 1375 | F9: ='1-Devamsızlık Formu (Ek-4)'!AJ11 -> 14 | G9: =IF(AND('1-Devamsızlık Formu (Ek-4)'!D11="",F9>0,'1-Devamsızlık Formu (Ek-4)'!AW11="KASIM 2024"),(E9*(F9-1)+(666.75)),E9*F9) -> 19250 | H9: =G9*0.01 -> 192.5 | I9: =G9*0.01 -> 192.5 | J9: =IF(G9>20002.5,(G9-H9-I9)-(17002.12),0) -> 0 | K9: =J9*0.15 -> 0 | L9: =ROUND(K9-M9,2) -> #REF! | M9: =IF(K9-'!!!KATILIMCI LİSTESİ!!!'!#REF!>0,'!!!KATILIMCI LİSTESİ!!!'!#REF!,K9) -> #REF! | N9: =G9*0.045 -> 866.25 | O9: =G9*0.055 -> 1058.75 | P9: =G9+O9 -> 20308.75 | Q9: ='5-Banka Listesi'!G10 -> 0 | R9: =G9-Q9 -> 19250 | S9: =ROUND(G9*0.0225,3) -> 433.125 | T9: =ROUND(G9*0.02,3) -> 385 | U9: =ROUND(Q9+R9+S9+T9,3) -> 20068.125 | V9: 5
B10: 6 | C10: ='!!!KATILIMCI LİSTESİ!!!'!B7 -> ABDULKADİR EKİNCİ | D10: ='!!!KATILIMCI LİSTESİ!!!'!C7 -> 30554505850 | E10: ='!!! VERİLER !!!'!C1 -> 1375 | F10: ='1-Devamsızlık Formu (Ek-4)'!AJ12 -> 14 | G10: =IF(AND('1-Devamsızlık Formu (Ek-4)'!D12="",F10>0,'1-Devamsızlık Formu (Ek-4)'!AW12="KASIM 2024"),(E10*(F10-1)+(666.75)),E10*F10) -> 19250 | H10: =G10*0.01 -> 192.5 | I10: =G10*0.01 -> 192.5 | J10: =IF(G10>20002.5,(G10-H10-I10)-(17002.12),0) -> 0 | K10: =J10*0.15 -> 0 | L10: =ROUND(K10-M10,2) -> #REF! | M10: =IF(K10-'!!!KATILIMCI LİSTESİ!!!'!#REF!>0,'!!!KATILIMCI LİSTESİ!!!'!#REF!,K10) -> #REF! | N10: =G10*0.045 -> 866.25 | O10: =G10*0.055 -> 1058.75 | P10: =G10+O10 -> 20308.75 | Q10: ='5-Banka Listesi'!G11 -> 0 | R10: =G10-Q10 -> 19250 | S10: =ROUND(G10*0.0225,3) -> 433.125 | T10: =ROUND(G10*0.02,3) -> 385 | U10: =ROUND(Q10+R10+S10+T10,3) -> 20068.125 | V10: 6
B11: 7 | C11: ='!!!KATILIMCI LİSTESİ!!!'!B8 -> ABDULKADİR TAŞPINAR | D11: ='!!!KATILIMCI LİSTESİ!!!'!C8 -> 11576369514 | E11: ='!!! VERİLER !!!'!C1 -> 1375 | F11: ='1-Devamsızlık Formu (Ek-4)'!AJ13 -> 6 | G11: =IF(AND('1-Devamsızlık Formu (Ek-4)'!D13="",F11>0,'1-Devamsızlık Formu (Ek-4)'!AW13="KASIM 2024"),(E11*(F11-1)+(666.75)),E11*F11) -> 8250 | H11: =G11*0.01 -> 82.5 | I11: =G11*0.01 -> 82.5 | J11: =IF(G11>20002.5,(G11-H11-I11)-(17002.12),0) -> 0 | K11: =J11*0.15 -> 0 | L11: =ROUND(K11-M11,2) -> #REF! | M11: =IF(K11-'!!!KATILIMCI LİSTESİ!!!'!#REF!>0,'!!!KATILIMCI LİSTESİ!!!'!#REF!,K11) -> #REF! | N11: =G11*0.045 -> 371.25 | O11: =G11*0.055 -> 453.75 | P11: =G11+O11 -> 8703.75 | Q11: ='5-Banka Listesi'!G12 -> 0 | R11: =G11-Q11 -> 8250 | S11: =ROUND(G11*0.0225,3) -> 185.625 | T11: =ROUND(G11*0.02,3) -> 165 | U11: =ROUND(Q11+R11+S11+T11,3) -> 8600.625 | V11: 7
B12: 8 | C12: ='!!!KATILIMCI LİSTESİ!!!'!B9 -> ABDULKADİR ÜSTÜNER | D12: ='!!!KATILIMCI LİSTESİ!!!'!C9 -> 32120360108 | E12: ='!!! VERİLER !!!'!C1 -> 1375 | F12: ='1-Devamsızlık Formu (Ek-4)'!AJ14 -> 9 | G12: =IF(AND('1-Devamsızlık Formu (Ek-4)'!D14="",F12>0,'1-Devamsızlık Formu (Ek-4)'!AW14="KASIM 2024"),(E12*(F12-1)+(666.75)),E12*F12) -> 12375 | H12: =G12*0.01 -> 123.75 | I12: =G12*0.01 -> 123.75 | J12: =IF(G12>20002.5,(G12-H12-I12)-(17002.12),0) -> 0 | K12: =J12*0.15 -> 0 | L12: =ROUND(K12-M12,2) -> #REF! | M12: =IF(K12-'!!!KATILIMCI LİSTESİ!!!'!#REF!>0,'!!!KATILIMCI LİSTESİ!!!'!#REF!,K12) -> #REF! | N12: =G12*0.045 -> 556.875 | O12: =G12*0.055 -> 680.625 | P12: =G12+O12 -> 13055.625 | Q12: ='5-Banka Listesi'!G13 -> 0 | R12: =G12-Q12 -> 12375 | S12: =ROUND(G12*0.0225,3) -> 278.438 | T12: =ROUND(G12*0.02,3) -> 247.5 | U12: =ROUND(Q12+R12+S12+T12,3) -> 12900.938 | V12: 8
B13: 9 | C13: ='!!!KATILIMCI LİSTESİ!!!'!B10 -> ABDÜLKADİR DÜK | D13: ='!!!KATILIMCI LİSTESİ!!!'!C10 -> 46378087250 | E13: ='!!! VERİLER !!!'!C1 -> 1375 | F13: ='1-Devamsızlık Formu (Ek-4)'!AJ15 -> 14 | G13: =IF(AND('1-Devamsızlık Formu (Ek-4)'!D15="",F13>0,'1-Devamsızlık Formu (Ek-4)'!AW15="KASIM 2024"),(E13*(F13-1)+(666.75)),E13*F13) -> 19250 | H13: =G13*0.01 -> 192.5 | I13: =G13*0.01 -> 192.5 | J13: =IF(G13>20002.5,(G13-H13-I13)-(17002.12),0) -> 0 | K13: =J13*0.15 -> 0 | L13: =ROUND(K13-M13,2) -> #REF! | M13: =IF(K13-'!!!KATILIMCI LİSTESİ!!!'!#REF!>0,'!!!KATILIMCI LİSTESİ!!!'!#REF!,K13) -> #REF! | N13: =G13*0.045 -> 866.25 | O13: =G13*0.055 -> 1058.75 | P13: =G13+O13 -> 20308.75 | Q13: ='5-Banka Listesi'!G14 -> 0 | R13: =G13-Q13 -> 19250 | S13: =ROUND(G13*0.0225,3) -> 433.125 | T13: =ROUND(G13*0.02,3) -> 385 | U13: =ROUND(Q13+R13+S13+T13,3) -> 20068.125 | V13: 9
B14: 10 | C14: ='!!!KATILIMCI LİSTESİ!!!'!B11 -> ABDULLAH BİNGÖL | D14: ='!!!KATILIMCI LİSTESİ!!!'!C11 -> 36059043460 | E14: ='!!! VERİLER !!!'!C1 -> 1375 | F14: ='1-Devamsızlık Formu (Ek-4)'!AJ16 -> 14 | G14: =IF(AND('1-Devamsızlık Formu (Ek-4)'!D16="",F14>0,'1-Devamsızlık Formu (Ek-4)'!AW16="KASIM 2024"),(E14*(F14-1)+(666.75)),E14*F14) -> 19250 | H14: =G14*0.01 -> 192.5 | I14: =G14*0.01 -> 192.5 | J14: =IF(G14>20002.5,(G14-H14-I14)-(17002.12),0) -> 0 | K14: =J14*0.15 -> 0 | L14: =ROUND(K14-M14,2) -> #REF! | M14: =IF(K14-'!!!KATILIMCI LİSTESİ!!!'!#REF!>0,'!!!KATILIMCI LİSTESİ!!!'!#REF!,K14) -> #REF! | N14: =G14*0.045 -> 866.25 | O14: =G14*0.055 -> 1058.75 | P14: =G14+O14 -> 20308.75 | Q14: ='5-Banka Listesi'!G15 -> 0 | R14: =G14-Q14 -> 19250 | S14: =ROUND(G14*0.0225,3) -> 433.125 | T14: =ROUND(G14*0.02,3) -> 385 | U14: =ROUND(Q14+R14+S14+T14,3) -> 20068.125 | V14: 10
B15: 11 | C15: ='!!!KATILIMCI LİSTESİ!!!'!B12 -> ABDULLAH ÇALIŞKAN | D15: ='!!!KATILIMCI LİSTESİ!!!'!C12 -> 17987044460 | E15: ='!!! VERİLER !!!'!C1 -> 1375 | F15: ='1-Devamsızlık Formu (Ek-4)'!AJ17 -> 12 | G15: =IF(AND('1-Devamsızlık Formu (Ek-4)'!D17="",F15>0,'1-Devamsızlık Formu (Ek-4)'!AW17="KASIM 2024"),(E15*(F15-1)+(666.75)),E15*F15) -> 16500 | H15: =G15*0.01 -> 165 | I15: =G15*0.01 -> 165 | J15: =IF(G15>20002.5,(G15-H15-I15)-(17002.12),0) -> 0 | K15: =J15*0.15 -> 0 | L15: =ROUND(K15-M15,2) -> #REF! | M15: =IF(K15-'!!!KATILIMCI LİSTESİ!!!'!#REF!>0,'!!!KATILIMCI LİSTESİ!!!'!#REF!,K15) -> #REF! | N15: =G15*0.045 -> 742.5 | O15: =G15*0.055 -> 907.5 | P15: =G15+O15 -> 17407.5 | Q15: ='5-Banka Listesi'!G16 -> 0 | R15: =G15-Q15 -> 16500 | S15: =ROUND(G15*0.0225,3) -> 371.25 | T15: =ROUND(G15*0.02,3) -> 330 | U15: =ROUND(Q15+R15+S15+T15,3) -> 17201.25 | V15: 11
B16: 12 | C16: ='!!!KATILIMCI LİSTESİ!!!'!B13 -> ABDULLAH İŞ | D16: ='!!!KATILIMCI LİSTESİ!!!'!C13 -> 47635631308 | E16: ='!!! VERİLER !!!'!C1 -> 1375 | F16: ='1-Devamsızlık Formu (Ek-4)'!AJ18 -> 6 | G16: =IF(AND('1-Devamsızlık Formu (Ek-4)'!D18="",F16>0,'1-Devamsızlık Formu (Ek-4)'!AW18="KASIM 2024"),(E16*(F16-1)+(666.75)),E16*F16) -> 8250 | H16: =G16*0.01 -> 82.5 | I16: =G16*0.01 -> 82.5 | J16: =IF(G16>20002.5,(G16-H16-I16)-(17002.12),0) -> 0 | K16: =J16*0.15 -> 0 | L16: =ROUND(K16-M16,2) -> #REF! | M16: =IF(K16-'!!!KATILIMCI LİSTESİ!!!'!#REF!>0,'!!!KATILIMCI LİSTESİ!!!'!#REF!,K16) -> #REF! | N16: =G16*0.045 -> 371.25 | O16: =G16*0.055 -> 453.75 | P16: =G16+O16 -> 8703.75 | Q16: ='5-Banka Listesi'!G17 -> 0 | R16: =G16-Q16 -> 8250 | S16: =ROUND(G16*0.0225,3) -> 185.625 | T16: =ROUND(G16*0.02,3) -> 165 | U16: =ROUND(Q16+R16+S16+T16,3) -> 8600.625 | V16: 12
B17: 13 | C17: ='!!!KATILIMCI LİSTESİ!!!'!B14 -> ABDULLAH ULUN | D17: ='!!!KATILIMCI LİSTESİ!!!'!C14 -> 10850337096 | E17: ='!!! VERİLER !!!'!C1 -> 1375 | F17: ='1-Devamsızlık Formu (Ek-4)'!AJ19 -> 12 | G17: =IF(AND('1-Devamsızlık Formu (Ek-4)'!D19="",F17>0,'1-Devamsızlık Formu (Ek-4)'!AW19="KASIM 2024"),(E17*(F17-1)+(666.75)),E17*F17) -> 16500 | H17: =G17*0.01 -> 165 | I17: =G17*0.01 -> 165 | J17: =IF(G17>20002.5,(G17-H17-I17)-(17002.12),0) -> 0 | K17: =J17*0.15 -> 0 | L17: =ROUND(K17-M17,2) -> #REF! | M17: =IF(K17-'!!!KATILIMCI LİSTESİ!!!'!#REF!>0,'!!!KATILIMCI LİSTESİ!!!'!#REF!,K17) -> #REF! | N17: =G17*0.045 -> 742.5 | O17: =G17*0.055 -> 907.5 | P17: =G17+O17 -> 17407.5 | Q17: ='5-Banka Listesi'!G18 -> 0 | R17: =G17-Q17 -> 16500 | S17: =ROUND(G17*0.0225,3) -> 371.25 | T17: =ROUND(G17*0.02,3) -> 330 | U17: =ROUND(Q17+R17+S17+T17,3) -> 17201.25 | V17: 13
B18: 14 | C18: ='!!!KATILIMCI LİSTESİ!!!'!B15 -> ABDULLAH YÜZGEÇ | D18: ='!!!KATILIMCI LİSTESİ!!!'!C15 -> 13802183994 | E18: ='!!! VERİLER !!!'!C1 -> 1375 | F18: ='1-Devamsızlık Formu (Ek-4)'!AJ20 -> 13 | G18: =IF(AND('1-Devamsızlık Formu (Ek-4)'!D20="",F18>0,'1-Devamsızlık Formu (Ek-4)'!AW20="KASIM 2024"),(E18*(F18-1)+(666.75)),E18*F18) -> 17875 | H18: =G18*0.01 -> 178.75 | I18: =G18*0.01 -> 178.75 | J18: =IF(G18>20002.5,(G18-H18-I18)-(17002.12),0) -> 0 | K18: =J18*0.15 -> 0 | L18: =ROUND(K18-M18,2) -> #REF! | M18: =IF(K18-'!!!KATILIMCI LİSTESİ!!!'!#REF!>0,'!!!KATILIMCI LİSTESİ!!!'!#REF!,K18) -> #REF! | N18: =G18*0.045 -> 804.375 | O18: =G18*0.055 -> 983.125 | P18: =G18+O18 -> 18858.125 | Q18: ='5-Banka Listesi'!G19 -> 0 | R18: =G18-Q18 -> 17875 | S18: =ROUND(G18*0.0225,3) -> 402.188 | T18: =ROUND(G18*0.02,3) -> 357.5 | U18: =ROUND(Q18+R18+S18+T18,3) -> 18634.688 | V18: 14
B19: 15 | C19: ='!!!KATILIMCI LİSTESİ!!!'!B16 -> ABDULSAMET KAYA | D19: ='!!!KATILIMCI LİSTESİ!!!'!C16 -> 12734216152 | E19: ='!!! VERİLER !!!'!C1 -> 1375 | F19: ='1-Devamsızlık Formu (Ek-4)'!AJ21 -> 14 | G19: =IF(AND('1-Devamsızlık Formu (Ek-4)'!D21="",F19>0,'1-Devamsızlık Formu (Ek-4)'!AW21="KASIM 2024"),(E19*(F19-1)+(666.75)),E19*F19) -> 19250 | H19: =G19*0.01 -> 192.5 | I19: =G19*0.01 -> 192.5 | J19: =IF(G19>20002.5,(G19-H19-I19)-(17002.12),0) -> 0 | K19: =J19*0.15 -> 0 | L19: =ROUND(K19-M19,2) -> #REF! | M19: =IF(K19-'!!!KATILIMCI LİSTESİ!!!'!#REF!>0,'!!!KATILIMCI LİSTESİ!!!'!#REF!,K19) -> #REF! | N19: =G19*0.045 -> 866.25 | O19: =G19*0.055 -> 1058.75 | P19: =G19+O19 -> 20308.75 | Q19: ='5-Banka Listesi'!G20 -> 0 | R19: =G19-Q19 -> 19250 | S19: =ROUND(G19*0.0225,3) -> 433.125 | T19: =ROUND(G19*0.02,3) -> 385 | U19: =ROUND(Q19+R19+S19+T19,3) -> 20068.125 | V19: 15
B20: 16 | C20: ='!!!KATILIMCI LİSTESİ!!!'!B17 -> ABDULSAMET ÖZDEMİR | D20: ='!!!KATILIMCI LİSTESİ!!!'!C17 -> 34354480898 | E20: ='!!! VERİLER !!!'!C1 -> 1375 | F20: ='1-Devamsızlık Formu (Ek-4)'!AJ22 -> 9 | G20: =IF(AND('1-Devamsızlık Formu (Ek-4)'!D22="",F20>0,'1-Devamsızlık Formu (Ek-4)'!AW22="KASIM 2024"),(E20*(F20-1)+(666.75)),E20*F20) -> 12375 | H20: =G20*0.01 -> 123.75 | I20: =G20*0.01 -> 123.75 | J20: =IF(G20>20002.5,(G20-H20-I20)-(17002.12),0) -> 0 | K20: =J20*0.15 -> 0 | L20: =ROUND(K20-M20,2) -> #REF! | M20: =IF(K20-'!!!KATILIMCI LİSTESİ!!!'!#REF!>0,'!!!KATILIMCI LİSTESİ!!!'!#REF!,K20) -> #REF! | N20: =G20*0.045 -> 556.875 | O20: =G20*0.055 -> 680.625 | P20: =G20+O20 -> 13055.625 | Q20: ='5-Banka Listesi'!G21 -> 0 | R20: =G20-Q20 -> 12375 | S20: =ROUND(G20*0.0225,3) -> 278.438 | T20: =ROUND(G20*0.02,3) -> 247.5 | U20: =ROUND(Q20+R20+S20+T20,3) -> 12900.938 | V20: 16
B21: 17 | C21: ='!!!KATILIMCI LİSTESİ!!!'!B18 -> ABDULSAMET YAŞAR | D21: ='!!!KATILIMCI LİSTESİ!!!'!C18 -> 12021022954 | E21: ='!!! VERİLER !!!'!C1 -> 1375 | F21: ='1-Devamsızlık Formu (Ek-4)'!AJ23 -> 11 | G21: =IF(AND('1-Devamsızlık Formu (Ek-4)'!D23="",F21>0,'1-Devamsızlık Formu (Ek-4)'!AW23="KASIM 2024"),(E21*(F21-1)+(666.75)),E21*F21) -> 15125 | H21: =G21*0.01 -> 151.25 | I21: =G21*0.01 -> 151.25 | J21: =IF(G21>20002.5,(G21-H21-I21)-(17002.12),0) -> 0 | K21: =J21*0.15 -> 0 | L21: =ROUND(K21-M21,2) -> #REF! | M21: =IF(K21-'!!!KATILIMCI LİSTESİ!!!'!#REF!>0,'!!!KATILIMCI LİSTESİ!!!'!#REF!,K21) -> #REF! | N21: =G21*0.045 -> 680.625 | O21: =G21*0.055 -> 831.875 | P21: =G21+O21 -> 15956.875 | Q21: ='5-Banka Listesi'!G22 -> 0 | R21: =G21-Q21 -> 15125 | S21: =ROUND(G21*0.0225,3) -> 340.313 | T21: =ROUND(G21*0.02,3) -> 302.5 | U21: =ROUND(Q21+R21+S21+T21,3) -> 15767.813 | V21: 17
B22: 18 | C22: ='!!!KATILIMCI LİSTESİ!!!'!B19 -> ABDÜLVEKİL GÖK | D22: ='!!!KATILIMCI LİSTESİ!!!'!C19 -> 12179215468 | E22: ='!!! VERİLER !!!'!C1 -> 1375 | F22: ='1-Devamsızlık Formu (Ek-4)'!AJ24 -> 6 | G22: =IF(AND('1-Devamsızlık Formu (Ek-4)'!D24="",F22>0,'1-Devamsızlık Formu (Ek-4)'!AW24="KASIM 2024"),(E22*(F22-1)+(666.75)),E22*F22) -> 8250 | H22: =G22*0.01 -> 82.5 | I22: =G22*0.01 -> 82.5 | J22: =IF(G22>20002.5,(G22-H22-I22)-(17002.12),0) -> 0 | K22: =J22*0.15 -> 0 | L22: =ROUND(K22-M22,2) -> #REF! | M22: =IF(K22-'!!!KATILIMCI LİSTESİ!!!'!#REF!>0,'!!!KATILIMCI LİSTESİ!!!'!#REF!,K22) -> #REF! | N22: =G22*0.045 -> 371.25 | O22: =G22*0.055 -> 453.75 | P22: =G22+O22 -> 8703.75 | Q22: ='5-Banka Listesi'!G23 -> 0 | R22: =G22-Q22 -> 8250 | S22: =ROUND(G22*0.0225,3) -> 185.625 | T22: =ROUND(G22*0.02,3) -> 165 | U22: =ROUND(Q22+R22+S22+T22,3) -> 8600.625 | V22: 18
B23: 19 | C23: ='!!!KATILIMCI LİSTESİ!!!'!B20 -> ABDURRAHMAN YAVUZ | D23: ='!!!KATILIMCI LİSTESİ!!!'!C20 -> 11516080912 | E23: ='!!! VERİLER !!!'!C1 -> 1375 | F23: ='1-Devamsızlık Formu (Ek-4)'!AJ25 -> 9 | G23: =IF(AND('1-Devamsızlık Formu (Ek-4)'!D25="",F23>0,'1-Devamsızlık Formu (Ek-4)'!AW25="KASIM 2024"),(E23*(F23-1)+(666.75)),E23*F23) -> 12375 | H23: =G23*0.01 -> 123.75 | I23: =G23*0.01 -> 123.75 | J23: =IF(G23>20002.5,(G23-H23-I23)-(17002.12),0) -> 0 | K23: =J23*0.15 -> 0 | L23: =ROUND(K23-M23,2) -> #REF! | M23: =IF(K23-'!!!KATILIMCI LİSTESİ!!!'!#REF!>0,'!!!KATILIMCI LİSTESİ!!!'!#REF!,K23) -> #REF! | N23: =G23*0.045 -> 556.875 | O23: =G23*0.055 -> 680.625 | P23: =G23+O23 -> 13055.625 | Q23: ='5-Banka Listesi'!G24 -> 0 | R23: =G23-Q23 -> 12375 | S23: =ROUND(G23*0.0225,3) -> 278.438 | T23: =ROUND(G23*0.02,3) -> 247.5 | U23: =ROUND(Q23+R23+S23+T23,3) -> 12900.938 | V23: 19
B24: 20 | C24: ='!!!KATILIMCI LİSTESİ!!!'!B21 -> ABDURRAHMAN EMRE COŞKUN | D24: ='!!!KATILIMCI LİSTESİ!!!'!C21 -> 58198589036 | E24: ='!!! VERİLER !!!'!C1 -> 1375 | F24: ='1-Devamsızlık Formu (Ek-4)'!AJ26 -> 12 | G24: =IF(AND('1-Devamsızlık Formu (Ek-4)'!D26="",F24>0,'1-Devamsızlık Formu (Ek-4)'!AW26="KASIM 2024"),(E24*(F24-1)+(666.75)),E24*F24) -> 16500 | H24: =G24*0.01 -> 165 | I24: =G24*0.01 -> 165 | J24: =IF(G24>20002.5,(G24-H24-I24)-(17002.12),0) -> 0 | K24: =J24*0.15 -> 0 | L24: =ROUND(K24-M24,2) -> #REF! | M24: =IF(K24-'!!!KATILIMCI LİSTESİ!!!'!#REF!>0,'!!!KATILIMCI LİSTESİ!!!'!#REF!,K24) -> #REF! | N24: =G24*0.045 -> 742.5 | O24: =G24*0.055 -> 907.5 | P24: =G24+O24 -> 17407.5 | Q24: ='5-Banka Listesi'!G25 -> 0 | R24: =G24-Q24 -> 16500 | S24: =ROUND(G24*0.0225,3) -> 371.25 | T24: =ROUND(G24*0.02,3) -> 330 | U24: =ROUND(Q24+R24+S24+T24,3) -> 17201.25 | V24: 20
B25: 21 | C25: ='!!!KATILIMCI LİSTESİ!!!'!B22 -> ABDURRAHMAN İHSAN ERDEMİR | D25: ='!!!KATILIMCI LİSTESİ!!!'!C22 -> 12964210364 | E25: ='!!! VERİLER !!!'!C1 -> 1375 | F25: ='1-Devamsızlık Formu (Ek-4)'!AJ27 -> 9 | G25: =IF(AND('1-Devamsızlık Formu (Ek-4)'!D27="",F25>0,'1-Devamsızlık Formu (Ek-4)'!AW27="KASIM 2024"),(E25*(F25-1)+(666.75)),E25*F25) -> 12375 | H25: =G25*0.01 -> 123.75 | I25: =G25*0.01 -> 123.75 | J25: =IF(G25>20002.5,(G25-H25-I25)-(17002.12),0) -> 0 | K25: =J25*0.15 -> 0 | L25: =ROUND(K25-M25,2) -> #REF! | M25: =IF(K25-'!!!KATILIMCI LİSTESİ!!!'!#REF!>0,'!!!KATILIMCI LİSTESİ!!!'!#REF!,K25) -> #REF! | N25: =G25*0.045 -> 556.875 | O25: =G25*0.055 -> 680.625 | P25: =G25+O25 -> 13055.625 | Q25: ='5-Banka Listesi'!G26 -> 0 | R25: =G25-Q25 -> 12375 | S25: =ROUND(G25*0.0225,3) -> 278.438 | T25: =ROUND(G25*0.02,3) -> 247.5 | U25: =ROUND(Q25+R25+S25+T25,3) -> 12900.938 | V25: 21
B26: 22 | C26: ='!!!KATILIMCI LİSTESİ!!!'!B23 -> ABDURRAHMAN KADİR ÇETİN | D26: ='!!!KATILIMCI LİSTESİ!!!'!C23 -> 15580962310 | E26: ='!!! VERİLER !!!'!C1 -> 1375 | F26: ='1-Devamsızlık Formu (Ek-4)'!AJ28 -> 14 | G26: =IF(AND('1-Devamsızlık Formu (Ek-4)'!D28="",F26>0,'1-Devamsızlık Formu (Ek-4)'!AW28="KASIM 2024"),(E26*(F26-1)+(666.75)),E26*F26) -> 19250 | H26: =G26*0.01 -> 192.5 | I26: =G26*0.01 -> 192.5 | J26: =IF(G26>20002.5,(G26-H26-I26)-(17002.12),0) -> 0 | K26: =J26*0.15 -> 0 | L26: =ROUND(K26-M26,2) -> #REF! | M26: =IF(K26-'!!!KATILIMCI LİSTESİ!!!'!#REF!>0,'!!!KATILIMCI LİSTESİ!!!'!#REF!,K26) -> #REF! | N26: =G26*0.045 -> 866.25 | O26: =G26*0.055 -> 1058.75 | P26: =G26+O26 -> 20308.75 | Q26: ='5-Banka Listesi'!G27 -> 0 | R26: =G26-Q26 -> 19250 | S26: =ROUND(G26*0.0225,3) -> 433.125 | T26: =ROUND(G26*0.02,3) -> 385 | U26: =ROUND(Q26+R26+S26+T26,3) -> 20068.125 | V26: 22
B27: 23 | C27: ='!!!KATILIMCI LİSTESİ!!!'!B24 -> ABDÜSSAMED SARI | D27: ='!!!KATILIMCI LİSTESİ!!!'!C24 -> 10435498600 | E27: ='!!! VERİLER !!!'!C1 -> 1375 | F27: ='1-Devamsızlık Formu (Ek-4)'!AJ29 -> 14 | G27: =IF(AND('1-Devamsızlık Formu (Ek-4)'!D29="",F27>0,'1-Devamsızlık Formu (Ek-4)'!AW29="KASIM 2024"),(E27*(F27-1)+(666.75)),E27*F27) -> 19250 | H27: =G27*0.01 -> 192.5 | I27: =G27*0.01 -> 192.5 | J27: =IF(G27>20002.5,(G27-H27-I27)-(17002.12),0) -> 0 | K27: =J27*0.15 -> 0 | L27: =ROUND(K27-M27,2) -> #REF! | M27: =IF(K27-'!!!KATILIMCI LİSTESİ!!!'!#REF!>0,'!!!KATILIMCI LİSTESİ!!!'!#REF!,K27) -> #REF! | N27: =G27*0.045 -> 866.25 | O27: =G27*0.055 -> 1058.75 | P27: =G27+O27 -> 20308.75 | Q27: ='5-Banka Listesi'!G28 -> 0 | R27: =G27-Q27 -> 19250 | S27: =ROUND(G27*0.0225,3) -> 433.125 | T27: =ROUND(G27*0.02,3) -> 385 | U27: =ROUND(Q27+R27+S27+T27,3) -> 20068.125 | V27: 23
B28: 24 | C28: ='!!!KATILIMCI LİSTESİ!!!'!B25 -> ABUZER BOYNUKARA | D28: ='!!!KATILIMCI LİSTESİ!!!'!C25 -> 10126514640 | E28: ='!!! VERİLER !!!'!C1 -> 1375 | F28: ='1-Devamsızlık Formu (Ek-4)'!AJ30 -> 9 | G28: =IF(AND('1-Devamsızlık Formu (Ek-4)'!D30="",F28>0,'1-Devamsızlık Formu (Ek-4)'!AW30="KASIM 2024"),(E28*(F28-1)+(666.75)),E28*F28) -> 12375 | H28: =G28*0.01 -> 123.75 | I28: =G28*0.01 -> 123.75 | J28: =IF(G28>20002.5,(G28-H28-I28)-(17002.12),0) -> 0 | K28: =J28*0.15 -> 0 | L28: =ROUND(K28-M28,2) -> #REF! | M28: =IF(K28-'!!!KATILIMCI LİSTESİ!!!'!#REF!>0,'!!!KATILIMCI LİSTESİ!!!'!#REF!,K28) -> #REF! | N28: =G28*0.045 -> 556.875 | O28: =G28*0.055 -> 680.625 | P28: =G28+O28 -> 13055.625 | Q28: ='5-Banka Listesi'!G29 -> 0 | R28: =G28-Q28 -> 12375 | S28: =ROUND(G28*0.0225,3) -> 278.438 | T28: =ROUND(G28*0.02,3) -> 247.5 | U28: =ROUND(Q28+R28+S28+T28,3) -> 12900.938 | V28: 24
B29: 25 | C29: ='!!!KATILIMCI LİSTESİ!!!'!B26 -> ABUZER ŞAHAN | D29: ='!!!KATILIMCI LİSTESİ!!!'!C26 -> 41851235852 | E29: ='!!! VERİLER !!!'!C1 -> 1375 | F29: ='1-Devamsızlık Formu (Ek-4)'!AJ31 -> 14 | G29: =IF(AND('1-Devamsızlık Formu (Ek-4)'!D31="",F29>0,'1-Devamsızlık Formu (Ek-4)'!AW31="KASIM 2024"),(E29*(F29-1)+(666.75)),E29*F29) -> 19250 | H29: =G29*0.01 -> 192.5 | I29: =G29*0.01 -> 192.5 | J29: =IF(G29>20002.5,(G29-H29-I29)-(17002.12),0) -> 0 | K29: =J29*0.15 -> 0 | L29: =ROUND(K29-M29,2) -> #REF! | M29: =IF(K29-'!!!KATILIMCI LİSTESİ!!!'!#REF!>0,'!!!KATILIMCI LİSTESİ!!!'!#REF!,K29) -> #REF! | N29: =G29*0.045 -> 866.25 | O29: =G29*0.055 -> 1058.75 | P29: =G29+O29 -> 20308.75 | Q29: ='5-Banka Listesi'!G30 -> 0 | R29: =G29-Q29 -> 19250 | S29: =ROUND(G29*0.0225,3) -> 433.125 | T29: =ROUND(G29*0.02,3) -> 385 | U29: =ROUND(Q29+R29+S29+T29,3) -> 20068.125 | V29: 25
B30: 26 | C30: ='!!!KATILIMCI LİSTESİ!!!'!B27 -> ADEM AKTA | D30: ='!!!KATILIMCI LİSTESİ!!!'!C27 -> 33472284968 | E30: ='!!! VERİLER !!!'!C1 -> 1375 | F30: ='1-Devamsızlık Formu (Ek-4)'!AJ32 -> 9 | G30: =IF(AND('1-Devamsızlık Formu (Ek-4)'!D32="",F30>0,'1-Devamsızlık Formu (Ek-4)'!AW32="KASIM 2024"),(E30*(F30-1)+(666.75)),E30*F30) -> 12375 | H30: =G30*0.01 -> 123.75 | I30: =G30*0.01 -> 123.75 | J30: =IF(G30>20002.5,(G30-H30-I30)-(17002.12),0) -> 0 | K30: =J30*0.15 -> 0 | L30: =ROUND(K30-M30,2) -> #REF! | M30: =IF(K30-'!!!KATILIMCI LİSTESİ!!!'!#REF!>0,'!!!KATILIMCI LİSTESİ!!!'!#REF!,K30) -> #REF! | N30: =G30*0.045 -> 556.875 | O30: =G30*0.055 -> 680.625 | P30: =G30+O30 -> 13055.625 | Q30: ='5-Banka Listesi'!G31 -> 0 | R30: =G30-Q30 -> 12375 | S30: =ROUND(G30*0.0225,3) -> 278.438 | T30: =ROUND(G30*0.02,3) -> 247.5 | U30: =ROUND(Q30+R30+S30+T30,3) -> 12900.938 | V30: 26
B31: 27 | C31: ='!!!KATILIMCI LİSTESİ!!!'!B28 -> ADİL EMİRHAN AYAZ | D31: ='!!!KATILIMCI LİSTESİ!!!'!C28 -> 11276752944 | E31: ='!!! VERİLER !!!'!C1 -> 1375 | F31: ='1-Devamsızlık Formu (Ek-4)'!AJ33 -> 14 | G31: =IF(AND('1-Devamsızlık Formu (Ek-4)'!D33="",F31>0,'1-Devamsızlık Formu (Ek-4)'!AW33="KASIM 2024"),(E31*(F31-1)+(666.75)),E31*F31) -> 19250 | H31: =G31*0.01 -> 192.5 | I31: =G31*0.01 -> 192.5 | J31: =IF(G31>20002.5,(G31-H31-I31)-(17002.12),0) -> 0 | K31: =J31*0.15 -> 0 | L31: =ROUND(K31-M31,2) -> #REF! | M31: =IF(K31-'!!!KATILIMCI LİSTESİ!!!'!#REF!>0,'!!!KATILIMCI LİSTESİ!!!'!#REF!,K31) -> #REF! | N31: =G31*0.045 -> 866.25 | O31: =G31*0.055 -> 1058.75 | P31: =G31+O31 -> 20308.75 | Q31: ='5-Banka Listesi'!G32 -> 0 | R31: =G31-Q31 -> 19250 | S31: =ROUND(G31*0.0225,3) -> 433.125 | T31: =ROUND(G31*0.02,3) -> 385 | U31: =ROUND(Q31+R31+S31+T31,3) -> 20068.125 | V31: 27
B32: 28 | C32: ='!!!KATILIMCI LİSTESİ!!!'!B29 -> AFRA DİLA HASANOĞLU | D32: ='!!!KATILIMCI LİSTESİ!!!'!C29 -> 11438104260 | E32: ='!!! VERİLER !!!'!C1 -> 1375 | F32: ='1-Devamsızlık Formu (Ek-4)'!AJ34 -> 13 | G32: =IF(AND('1-Devamsızlık Formu (Ek-4)'!D34="",F32>0,'1-Devamsızlık Formu (Ek-4)'!AW34="KASIM 2024"),(E32*(F32-1)+(666.75)),E32*F32) -> 17875 | H32: =G32*0.01 -> 178.75 | I32: =G32*0.01 -> 178.75 | J32: =IF(G32>20002.5,(G32-H32-I32)-(17002.12),0) -> 0 | K32: =J32*0.15 -> 0 | L32: =ROUND(K32-M32,2) -> #REF! | M32: =IF(K32-'!!!KATILIMCI LİSTESİ!!!'!#REF!>0,'!!!KATILIMCI LİSTESİ!!!'!#REF!,K32) -> #REF! | N32: =G32*0.045 -> 804.375 | O32: =G32*0.055 -> 983.125 | P32: =G32+O32 -> 18858.125 | Q32: ='5-Banka Listesi'!G33 -> 0 | R32: =G32-Q32 -> 17875 | S32: =ROUND(G32*0.0225,3) -> 402.188 | T32: =ROUND(G32*0.02,3) -> 357.5 | U32: =ROUND(Q32+R32+S32+T32,3) -> 18634.688 | V32: 28
B33: 29 | C33: ='!!!KATILIMCI LİSTESİ!!!'!B30 -> AHMET ADAR | D33: ='!!!KATILIMCI LİSTESİ!!!'!C30 -> 10590069448 | E33: ='!!! VERİLER !!!'!C1 -> 1375 | F33: ='1-Devamsızlık Formu (Ek-4)'!AJ35 -> 9 | G33: =IF(AND('1-Devamsızlık Formu (Ek-4)'!D35="",F33>0,'1-Devamsızlık Formu (Ek-4)'!AW35="KASIM 2024"),(E33*(F33-1)+(666.75)),E33*F33) -> 12375 | H33: =G33*0.01 -> 123.75 | I33: =G33*0.01 -> 123.75 | J33: =IF(G33>20002.5,(G33-H33-I33)-(17002.12),0) -> 0 | K33: =J33*0.15 -> 0 | L33: =ROUND(K33-M33,2) -> #REF! | M33: =IF(K33-'!!!KATILIMCI LİSTESİ!!!'!#REF!>0,'!!!KATILIMCI LİSTESİ!!!'!#REF!,K33) -> #REF! | N33: =G33*0.045 -> 556.875 | O33: =G33*0.055 -> 680.625 | P33: =G33+O33 -> 13055.625 | Q33: ='5-Banka Listesi'!G34 -> 0 | R33: =G33-Q33 -> 12375 | S33: =ROUND(G33*0.0225,3) -> 278.438 | T33: =ROUND(G33*0.02,3) -> 247.5 | U33: =ROUND(Q33+R33+S33+T33,3) -> 12900.938 | V33: 29
B34: 30 | C34: ='!!!KATILIMCI LİSTESİ!!!'!B31 -> AHMET ARCA | D34: ='!!!KATILIMCI LİSTESİ!!!'!C31 -> 55543577472 | E34: ='!!! VERİLER !!!'!C1 -> 1375 | F34: ='1-Devamsızlık Formu (Ek-4)'!AJ36 -> 14 | G34: =IF(AND('1-Devamsızlık Formu (Ek-4)'!D36="",F34>0,'1-Devamsızlık Formu (Ek-4)'!AW36="KASIM 2024"),(E34*(F34-1)+(666.75)),E34*F34) -> 19250 | H34: =G34*0.01 -> 192.5 | I34: =G34*0.01 -> 192.5 | J34: =IF(G34>20002.5,(G34-H34-I34)-(17002.12),0) -> 0 | K34: =J34*0.15 -> 0 | L34: =ROUND(K34-M34,2) -> #REF! | M34: =IF(K34-'!!!KATILIMCI LİSTESİ!!!'!#REF!>0,'!!!KATILIMCI LİSTESİ!!!'!#REF!,K34) -> #REF! | N34: =G34*0.045 -> 866.25 | O34: =G34*0.055 -> 1058.75 | P34: =G34+O34 -> 20308.75 | Q34: ='5-Banka Listesi'!G35 -> 0 | R34: =G34-Q34 -> 19250 | S34: =ROUND(G34*0.0225,3) -> 433.125 | T34: =ROUND(G34*0.02,3) -> 385 | U34: =ROUND(Q34+R34+S34+T34,3) -> 20068.125 | V34: 30
B35: 31 | C35: ='!!!KATILIMCI LİSTESİ!!!'!B32 -> AHMET ATASEVEN | D35: ='!!!KATILIMCI LİSTESİ!!!'!C32 -> 58825297792 | E35: ='!!! VERİLER !!!'!C1 -> 1375 | F35: ='1-Devamsızlık Formu (Ek-4)'!AJ37 -> 14 | G35: =IF(AND('1-Devamsızlık Formu (Ek-4)'!D37="",F35>0,'1-Devamsızlık Formu (Ek-4)'!AW37="KASIM 2024"),(E35*(F35-1)+(666.75)),E35*F35) -> 19250 | H35: =G35*0.01 -> 192.5 | I35: =G35*0.01 -> 192.5 | J35: =IF(G35>20002.5,(G35-H35-I35)-(17002.12),0) -> 0 | K35: =J35*0.15 -> 0 | L35: =ROUND(K35-M35,2) -> #REF! | M35: =IF(K35-'!!!KATILIMCI LİSTESİ!!!'!#REF!>0,'!!!KATILIMCI LİSTESİ!!!'!#REF!,K35) -> #REF! | N35: =G35*0.045 -> 866.25 | O35: =G35*0.055 -> 1058.75 | P35: =G35+O35 -> 20308.75 | Q35: ='5-Banka Listesi'!G36 -> 0 | R35: =G35-Q35 -> 19250 | S35: =ROUND(G35*0.0225,3) -> 433.125 | T35: =ROUND(G35*0.02,3) -> 385 | U35: =ROUND(Q35+R35+S35+T35,3) -> 20068.125 | V35: 31
B36: 32 | C36: ='!!!KATILIMCI LİSTESİ!!!'!B33 -> AHMET BAYKUŞ | D36: ='!!!KATILIMCI LİSTESİ!!!'!C33 -> 30662502284 | E36: ='!!! VERİLER !!!'!C1 -> 1375 | F36: ='1-Devamsızlık Formu (Ek-4)'!AJ38 -> 9 | G36: =IF(AND('1-Devamsızlık Formu (Ek-4)'!D38="",F36>0,'1-Devamsızlık Formu (Ek-4)'!AW38="KASIM 2024"),(E36*(F36-1)+(666.75)),E36*F36) -> 12375 | H36: =G36*0.01 -> 123.75 | I36: =G36*0.01 -> 123.75 | J36: =IF(G36>20002.5,(G36-H36-I36)-(17002.12),0) -> 0 | K36: =J36*0.15 -> 0 | L36: =ROUND(K36-M36,2) -> #REF! | M36: =IF(K36-'!!!KATILIMCI LİSTESİ!!!'!#REF!>0,'!!!KATILIMCI LİSTESİ!!!'!#REF!,K36) -> #REF! | N36: =G36*0.045 -> 556.875 | O36: =G36*0.055 -> 680.625 | P36: =G36+O36 -> 13055.625 | Q36: ='5-Banka Listesi'!G37 -> 0 | R36: =G36-Q36 -> 12375 | S36: =ROUND(G36*0.0225,3) -> 278.438 | T36: =ROUND(G36*0.02,3) -> 247.5 | U36: =ROUND(Q36+R36+S36+T36,3) -> 12900.938 | V36: 32
B37: 33 | C37: ='!!!KATILIMCI LİSTESİ!!!'!B34 -> AHMET BIRASOĞLU | D37: ='!!!KATILIMCI LİSTESİ!!!'!C34 -> 45049880008 | E37: ='!!! VERİLER !!!'!C1 -> 1375 | F37: ='1-Devamsızlık Formu (Ek-4)'!AJ39 -> 6 | G37: =IF(AND('1-Devamsızlık Formu (Ek-4)'!D39="",F37>0,'1-Devamsızlık Formu (Ek-4)'!AW39="KASIM 2024"),(E37*(F37-1)+(666.75)),E37*F37) -> 8250 | H37: =G37*0.01 -> 82.5 | I37: =G37*0.01 -> 82.5 | J37: =IF(G37>20002.5,(G37-H37-I37)-(17002.12),0) -> 0 | K37: =J37*0.15 -> 0 | L37: =ROUND(K37-M37,2) -> #REF! | M37: =IF(K37-'!!!KATILIMCI LİSTESİ!!!'!#REF!>0,'!!!KATILIMCI LİSTESİ!!!'!#REF!,K37) -> #REF! | N37: =G37*0.045 -> 371.25 | O37: =G37*0.055 -> 453.75 | P37: =G37+O37 -> 8703.75 | Q37: ='5-Banka Listesi'!G38 -> 0 | R37: =G37-Q37 -> 8250 | S37: =ROUND(G37*0.0225,3) -> 185.625 | T37: =ROUND(G37*0.02,3) -> 165 | U37: =ROUND(Q37+R37+S37+T37,3) -> 8600.625 | V37: 33
B38: 34 | C38: ='!!!KATILIMCI LİSTESİ!!!'!B35 -> AHMET ÇAĞLAYAN | D38: ='!!!KATILIMCI LİSTESİ!!!'!C35 -> 57787292906 | E38: ='!!! VERİLER !!!'!C1 -> 1375 | F38: ='1-Devamsızlık Formu (Ek-4)'!AJ40 -> 13 | G38: =IF(AND('1-Devamsızlık Formu (Ek-4)'!D40="",F38>0,'1-Devamsızlık Formu (Ek-4)'!AW40="KASIM 2024"),(E38*(F38-1)+(666.75)),E38*F38) -> 17875 | H38: =G38*0.01 -> 178.75 | I38: =G38*0.01 -> 178.75 | J38: =IF(G38>20002.5,(G38-H38-I38)-(17002.12),0) -> 0 | K38: =J38*0.15 -> 0 | L38: =ROUND(K38-M38,2) -> #REF! | M38: =IF(K38-'!!!KATILIMCI LİSTESİ!!!'!#REF!>0,'!!!KATILIMCI LİSTESİ!!!'!#REF!,K38) -> #REF! | N38: =G38*0.045 -> 804.375 | O38: =G38*0.055 -> 983.125 | P38: =G38+O38 -> 18858.125 | Q38: ='5-Banka Listesi'!G39 -> 0 | R38: =G38-Q38 -> 17875 | S38: =ROUND(G38*0.0225,3) -> 402.188 | T38: =ROUND(G38*0.02,3) -> 357.5 | U38: =ROUND(Q38+R38+S38+T38,3) -> 18634.688 | V38: 34
B39: 35 | C39: ='!!!KATILIMCI LİSTESİ!!!'!B36 -> AHMET ÇELİK | D39: ='!!!KATILIMCI LİSTESİ!!!'!C36 -> 15902100772 | E39: ='!!! VERİLER !!!'!C1 -> 1375 | F39: ='1-Devamsızlık Formu (Ek-4)'!AJ41 -> 14 | G39: =IF(AND('1-Devamsızlık Formu (Ek-4)'!D41="",F39>0,'1-Devamsızlık Formu (Ek-4)'!AW41="KASIM 2024"),(E39*(F39-1)+(666.75)),E39*F39) -> 19250 | H39: =G39*0.01 -> 192.5 | I39: =G39*0.01 -> 192.5 | J39: =IF(G39>20002.5,(G39-H39-I39)-(17002.12),0) -> 0 | K39: =J39*0.15 -> 0 | L39: =ROUND(K39-M39,2) -> #REF! | M39: =IF(K39-'!!!KATILIMCI LİSTESİ!!!'!#REF!>0,'!!!KATILIMCI LİSTESİ!!!'!#REF!,K39) -> #REF! | N39: =G39*0.045 -> 866.25 | O39: =G39*0.055 -> 1058.75 | P39: =G39+O39 -> 20308.75 | Q39: ='5-Banka Listesi'!G40 -> 0 | R39: =G39-Q39 -> 19250 | S39: =ROUND(G39*0.0225,3) -> 433.125 | T39: =ROUND(G39*0.02,3) -> 385 | U39: =ROUND(Q39+R39+S39+T39,3) -> 20068.125 | V39: 35
B40: 36 | C40: ='!!!KATILIMCI LİSTESİ!!!'!B37 -> AHMET DONBALOĞLU | D40: ='!!!KATILIMCI LİSTESİ!!!'!C37 -> 62749437394 | E40: ='!!! VERİLER !!!'!C1 -> 1375 | F40: ='1-Devamsızlık Formu (Ek-4)'!AJ42 -> 11 | G40: =IF(AND('1-Devamsızlık Formu (Ek-4)'!D42="",F40>0,'1-Devamsızlık Formu (Ek-4)'!AW42="KASIM 2024"),(E40*(F40-1)+(666.75)),E40*F40) -> 15125 | H40: =G40*0.01 -> 151.25 | I40: =G40*0.01 -> 151.25 | J40: =IF(G40>20002.5,(G40-H40-I40)-(17002.12),0) -> 0 | K40: =J40*0.15 -> 0 | L40: =ROUND(K40-M40,2) -> #REF! | M40: =IF(K40-'!!!KATILIMCI LİSTESİ!!!'!#REF!>0,'!!!KATILIMCI LİSTESİ!!!'!#REF!,K40) -> #REF! | N40: =G40*0.045 -> 680.625 | O40: =G40*0.055 -> 831.875 | P40: =G40+O40 -> 15956.875 | Q40: ='5-Banka Listesi'!G41 -> 0 | R40: =G40-Q40 -> 15125 | S40: =ROUND(G40*0.0225,3) -> 340.313 | T40: =ROUND(G40*0.02,3) -> 302.5 | U40: =ROUND(Q40+R40+S40+T40,3) -> 15767.813 | V40: 36
B41: 37 | C41: ='!!!KATILIMCI LİSTESİ!!!'!B38 -> AHMET GENÇTÜRK | D41: ='!!!KATILIMCI LİSTESİ!!!'!C38 -> 11521313074 | E41: ='!!! VERİLER !!!'!C1 -> 1375 | F41: ='1-Devamsızlık Formu (Ek-4)'!AJ43 -> 13 | G41: =IF(AND('1-Devamsızlık Formu (Ek-4)'!D43="",F41>0,'1-Devamsızlık Formu (Ek-4)'!AW43="KASIM 2024"),(E41*(F41-1)+(666.75)),E41*F41) -> 17875 | H41: =G41*0.01 -> 178.75 | I41: =G41*0.01 -> 178.75 | J41: =IF(G41>20002.5,(G41-H41-I41)-(17002.12),0) -> 0 | K41: =J41*0.15 -> 0 | L41: =ROUND(K41-M41,2) -> #REF! | M41: =IF(K41-'!!!KATILIMCI LİSTESİ!!!'!#REF!>0,'!!!KATILIMCI LİSTESİ!!!'!#REF!,K41) -> #REF! | N41: =G41*0.045 -> 804.375 | O41: =G41*0.055 -> 983.125 | P41: =G41+O41 -> 18858.125 | Q41: ='5-Banka Listesi'!G42 -> 0 | R41: =G41-Q41 -> 17875 | S41: =ROUND(G41*0.0225,3) -> 402.188 | T41: =ROUND(G41*0.02,3) -> 357.5 | U41: =ROUND(Q41+R41+S41+T41,3) -> 18634.688 | V41: 37
B42: 38 | C42: ='!!!KATILIMCI LİSTESİ!!!'!B39 -> AHMET KARA | D42: ='!!!KATILIMCI LİSTESİ!!!'!C39 -> 55030694620 | E42: ='!!! VERİLER !!!'!C1 -> 1375 | F42: ='1-Devamsızlık Formu (Ek-4)'!AJ44 -> 14 | G42: =IF(AND('1-Devamsızlık Formu (Ek-4)'!D44="",F42>0,'1-Devamsızlık Formu (Ek-4)'!AW44="KASIM 2024"),(E42*(F42-1)+(666.75)),E42*F42) -> 19250 | H42: =G42*0.01 -> 192.5 | I42: =G42*0.01 -> 192.5 | J42: =IF(G42>20002.5,(G42-H42-I42)-(17002.12),0) -> 0 | K42: =J42*0.15 -> 0 | L42: =ROUND(K42-M42,2) -> #REF! | M42: =IF(K42-'!!!KATILIMCI LİSTESİ!!!'!#REF!>0,'!!!KATILIMCI LİSTESİ!!!'!#REF!,K42) -> #REF! | N42: =G42*0.045 -> 866.25 | O42: =G42*0.055 -> 1058.75 | P42: =G42+O42 -> 20308.75 | Q42: ='5-Banka Listesi'!G43 -> 0 | R42: =G42-Q42 -> 19250 | S42: =ROUND(G42*0.0225,3) -> 433.125 | T42: =ROUND(G42*0.02,3) -> 385 | U42: =ROUND(Q42+R42+S42+T42,3) -> 20068.125 | V42: 38
B43: 39 | C43: ='!!!KATILIMCI LİSTESİ!!!'!B40 -> AHMET KARAKAŞ | D43: ='!!!KATILIMCI LİSTESİ!!!'!C40 -> 10658102384 | E43: ='!!! VERİLER !!!'!C1 -> 1375 | F43: ='1-Devamsızlık Formu (Ek-4)'!AJ45 -> 12 | G43: =IF(AND('1-Devamsızlık Formu (Ek-4)'!D45="",F43>0,'1-Devamsızlık Formu (Ek-4)'!AW45="KASIM 2024"),(E43*(F43-1)+(666.75)),E43*F43) -> 16500 | H43: =G43*0.01 -> 165 | I43: =G43*0.01 -> 165 | J43: =IF(G43>20002.5,(G43-H43-I43)-(17002.12),0) -> 0 | K43: =J43*0.15 -> 0 | L43: =ROUND(K43-M43,2) -> #REF! | M43: =IF(K43-'!!!KATILIMCI LİSTESİ!!!'!#REF!>0,'!!!KATILIMCI LİSTESİ!!!'!#REF!,K43) -> #REF! | N43: =G43*0.045 -> 742.5 | O43: =G43*0.055 -> 907.5 | P43: =G43+O43 -> 17407.5 | Q43: ='5-Banka Listesi'!G44 -> 0 | R43: =G43-Q43 -> 16500 | S43: =ROUND(G43*0.0225,3) -> 371.25 | T43: =ROUND(G43*0.02,3) -> 330 | U43: =ROUND(Q43+R43+S43+T43,3) -> 17201.25 | V43: 39
B44: 40 | C44: ='!!!KATILIMCI LİSTESİ!!!'!B41 -> AHMET ÖZBEK | D44: ='!!!KATILIMCI LİSTESİ!!!'!C41 -> 43837384134 | E44: ='!!! VERİLER !!!'!C1 -> 1375 | F44: ='1-Devamsızlık Formu (Ek-4)'!AJ46 -> 14 | G44: =IF(AND('1-Devamsızlık Formu (Ek-4)'!D46="",F44>0,'1-Devamsızlık Formu (Ek-4)'!AW46="KASIM 2024"),(E44*(F44-1)+(666.75)),E44*F44) -> 19250 | H44: =G44*0.01 -> 192.5 | I44: =G44*0.01 -> 192.5 | J44: =IF(G44>20002.5,(G44-H44-I44)-(17002.12),0) -> 0 | K44: =J44*0.15 -> 0 | L44: =ROUND(K44-M44,2) -> #REF! | M44: =IF(K44-'!!!KATILIMCI LİSTESİ!!!'!#REF!>0,'!!!KATILIMCI LİSTESİ!!!'!#REF!,K44) -> #REF! | N44: =G44*0.045 -> 866.25 | O44: =G44*0.055 -> 1058.75 | P44: =G44+O44 -> 20308.75 | Q44: ='5-Banka Listesi'!G45 -> 0 | R44: =G44-Q44 -> 19250 | S44: =ROUND(G44*0.0225,3) -> 433.125 | T44: =ROUND(G44*0.02,3) -> 385 | U44: =ROUND(Q44+R44+S44+T44,3) -> 20068.125 | V44: 40
B45: 41 | C45: ='!!!KATILIMCI LİSTESİ!!!'!B42 -> AHMET YILDIRIM | D45: ='!!!KATILIMCI LİSTESİ!!!'!C42 -> 24341377102 | E45: ='!!! VERİLER !!!'!C1 -> 1375 | F45: ='1-Devamsızlık Formu (Ek-4)'!AJ47 -> 14 | G45: =IF(AND('1-Devamsızlık Formu (Ek-4)'!D47="",F45>0,'1-Devamsızlık Formu (Ek-4)'!AW47="KASIM 2024"),(E45*(F45-1)+(666.75)),E45*F45) -> 19250 | H45: =G45*0.01 -> 192.5 | I45: =G45*0.01 -> 192.5 | J45: =IF(G45>20002.5,(G45-H45-I45)-(17002.12),0) -> 0 | K45: =J45*0.15 -> 0 | L45: =ROUND(K45-M45,2) -> #REF! | M45: =IF(K45-'!!!KATILIMCI LİSTESİ!!!'!#REF!>0,'!!!KATILIMCI LİSTESİ!!!'!#REF!,K45) -> #REF! | N45: =G45*0.045 -> 866.25 | O45: =G45*0.055 -> 1058.75 | P45: =G45+O45 -> 20308.75 | Q45: ='5-Banka Listesi'!G46 -> 0 | R45: =G45-Q45 -> 19250 | S45: =ROUND(G45*0.0225,3) -> 433.125 | T45: =ROUND(G45*0.02,3) -> 385 | U45: =ROUND(Q45+R45+S45+T45,3) -> 20068.125 | V45: 41
B46: 42 | C46: ='!!!KATILIMCI LİSTESİ!!!'!B43 -> AHMET YOLDAŞ | D46: ='!!!KATILIMCI LİSTESİ!!!'!C43 -> 12571346852 | E46: ='!!! VERİLER !!!'!C1 -> 1375 | F46: ='1-Devamsızlık Formu (Ek-4)'!AJ48 -> 3 | G46: =IF(AND('1-Devamsızlık Formu (Ek-4)'!D48="",F46>0,'1-Devamsızlık Formu (Ek-4)'!AW48="KASIM 2024"),(E46*(F46-1)+(666.75)),E46*F46) -> 4125 | H46: =G46*0.01 -> 41.25 | I46: =G46*0.01 -> 41.25 | J46: =IF(G46>20002.5,(G46-H46-I46)-(17002.12),0) -> 0 | K46: =J46*0.15 -> 0 | L46: =ROUND(K46-M46,2) -> #REF! | M46: =IF(K46-'!!!KATILIMCI LİSTESİ!!!'!#REF!>0,'!!!KATILIMCI LİSTESİ!!!'!#REF!,K46) -> #REF! | N46: =G46*0.045 -> 185.625 | O46: =G46*0.055 -> 226.875 | P46: =G46+O46 -> 4351.875 | Q46: ='5-Banka Listesi'!G47 -> 0 | R46: =G46-Q46 -> 4125 | S46: =ROUND(G46*0.0225,3) -> 92.813 | T46: =ROUND(G46*0.02,3) -> 82.5 | U46: =ROUND(Q46+R46+S46+T46,3) -> 4300.313 | V46: 42
B47: 43 | C47: ='!!!KATILIMCI LİSTESİ!!!'!B44 -> AHMET ALİ İKİZ | D47: ='!!!KATILIMCI LİSTESİ!!!'!C44 -> 10550363036 | E47: ='!!! VERİLER !!!'!C1 -> 1375 | F47: ='1-Devamsızlık Formu (Ek-4)'!AJ49 -> 14 | G47: =IF(AND('1-Devamsızlık Formu (Ek-4)'!D49="",F47>0,'1-Devamsızlık Formu (Ek-4)'!AW49="KASIM 2024"),(E47*(F47-1)+(666.75)),E47*F47) -> 19250 | H47: =G47*0.01 -> 192.5 | I47: =G47*0.01 -> 192.5 | J47: =IF(G47>20002.5,(G47-H47-I47)-(17002.12),0) -> 0 | K47: =J47*0.15 -> 0 | L47: =ROUND(K47-M47,2) -> #REF! | M47: =IF(K47-'!!!KATILIMCI LİSTESİ!!!'!#REF!>0,'!!!KATILIMCI LİSTESİ!!!'!#REF!,K47) -> #REF! | N47: =G47*0.045 -> 866.25 | O47: =G47*0.055 -> 1058.75 | P47: =G47+O47 -> 20308.75 | Q47: ='5-Banka Listesi'!G48 -> 0 | R47: =G47-Q47 -> 19250 | S47: =ROUND(G47*0.0225,3) -> 433.125 | T47: =ROUND(G47*0.02,3) -> 385 | U47: =ROUND(Q47+R47+S47+T47,3) -> 20068.125 | V47: 43
B48: 44 | C48: ='!!!KATILIMCI LİSTESİ!!!'!B45 -> AHMET ARDA KARATEPE | D48: ='!!!KATILIMCI LİSTESİ!!!'!C45 -> 10012443016 | E48: ='!!! VERİLER !!!'!C1 -> 1375 | F48: ='1-Devamsızlık Formu (Ek-4)'!AJ50 -> 12 | G48: =IF(AND('1-Devamsızlık Formu (Ek-4)'!D50="",F48>0,'1-Devamsızlık Formu (Ek-4)'!AW50="KASIM 2024"),(E48*(F48-1)+(666.75)),E48*F48) -> 16500 | H48: =G48*0.01 -> 165 | I48: =G48*0.01 -> 165 | J48: =IF(G48>20002.5,(G48-H48-I48)-(17002.12),0) -> 0 | K48: =J48*0.15 -> 0 | L48: =ROUND(K48-M48,2) -> #REF! | M48: =IF(K48-'!!!KATILIMCI LİSTESİ!!!'!#REF!>0,'!!!KATILIMCI LİSTESİ!!!'!#REF!,K48) -> #REF! | N48: =G48*0.045 -> 742.5 | O48: =G48*0.055 -> 907.5 | P48: =G48+O48 -> 17407.5 | Q48: ='5-Banka Listesi'!G49 -> 0 | R48: =G48-Q48 -> 16500 | S48: =ROUND(G48*0.0225,3) -> 371.25 | T48: =ROUND(G48*0.02,3) -> 330 | U48: =ROUND(Q48+R48+S48+T48,3) -> 17201.25 | V48: 44
B49: 45 | C49: ='!!!KATILIMCI LİSTESİ!!!'!B46 -> AHMET ÇAĞRI CÖMERT | D49: ='!!!KATILIMCI LİSTESİ!!!'!C46 -> 16171258034 | E49: ='!!! VERİLER !!!'!C1 -> 1375 | F49: ='1-Devamsızlık Formu (Ek-4)'!AJ51 -> 14 | G49: =IF(AND('1-Devamsızlık Formu (Ek-4)'!D51="",F49>0,'1-Devamsızlık Formu (Ek-4)'!AW51="KASIM 2024"),(E49*(F49-1)+(666.75)),E49*F49) -> 19250 | H49: =G49*0.01 -> 192.5 | I49: =G49*0.01 -> 192.5 | J49: =IF(G49>20002.5,(G49-H49-I49)-(17002.12),0) -> 0 | K49: =J49*0.15 -> 0 | L49: =ROUND(K49-M49,2) -> #REF! | M49: =IF(K49-'!!!KATILIMCI LİSTESİ!!!'!#REF!>0,'!!!KATILIMCI LİSTESİ!!!'!#REF!,K49) -> #REF! | N49: =G49*0.045 -> 866.25 | O49: =G49*0.055 -> 1058.75 | P49: =G49+O49 -> 20308.75 | Q49: ='5-Banka Listesi'!G50 -> 0 | R49: =G49-Q49 -> 19250 | S49: =ROUND(G49*0.0225,3) -> 433.125 | T49: =ROUND(G49*0.02,3) -> 385 | U49: =ROUND(Q49+R49+S49+T49,3) -> 20068.125 | V49: 45
B50: 46 | C50: ='!!!KATILIMCI LİSTESİ!!!'!B47 -> AHMET CAN ARSLANDAĞ | D50: ='!!!KATILIMCI LİSTESİ!!!'!C47 -> 37891358408 | E50: ='!!! VERİLER !!!'!C1 -> 1375 | F50: ='1-Devamsızlık Formu (Ek-4)'!AJ52 -> 14 | G50: =IF(AND('1-Devamsızlık Formu (Ek-4)'!D52="",F50>0,'1-Devamsızlık Formu (Ek-4)'!AW52="KASIM 2024"),(E50*(F50-1)+(666.75)),E50*F50) -> 19250 | H50: =G50*0.01 -> 192.5 | I50: =G50*0.01 -> 192.5 | J50: =IF(G50>20002.5,(G50-H50-I50)-(17002.12),0) -> 0 | K50: =J50*0.15 -> 0 | L50: =ROUND(K50-M50,2) -> #REF! | M50: =IF(K50-'!!!KATILIMCI LİSTESİ!!!'!#REF!>0,'!!!KATILIMCI LİSTESİ!!!'!#REF!,K50) -> #REF! | N50: =G50*0.045 -> 866.25 | O50: =G50*0.055 -> 1058.75 | P50: =G50+O50 -> 20308.75 | Q50: ='5-Banka Listesi'!G51 -> 0 | R50: =G50-Q50 -> 19250 | S50: =ROUND(G50*0.0225,3) -> 433.125 | T50: =ROUND(G50*0.02,3) -> 385 | U50: =ROUND(Q50+R50+S50+T50,3) -> 20068.125 | V50: 46
B51: 47 | C51: ='!!!KATILIMCI LİSTESİ!!!'!B48 -> AHMET ENES ÜÇLER | D51: ='!!!KATILIMCI LİSTESİ!!!'!C48 -> 11255342722 | E51: ='!!! VERİLER !!!'!C1 -> 1375 | F51: ='1-Devamsızlık Formu (Ek-4)'!AJ53 -> 14 | G51: =IF(AND('1-Devamsızlık Formu (Ek-4)'!D53="",F51>0,'1-Devamsızlık Formu (Ek-4)'!AW53="KASIM 2024"),(E51*(F51-1)+(666.75)),E51*F51) -> 19250 | H51: =G51*0.01 -> 192.5 | I51: =G51*0.01 -> 192.5 | J51: =IF(G51>20002.5,(G51-H51-I51)-(17002.12),0) -> 0 | K51: =J51*0.15 -> 0 | L51: =ROUND(K51-M51,2) -> #REF! | M51: =IF(K51-'!!!KATILIMCI LİSTESİ!!!'!#REF!>0,'!!!KATILIMCI LİSTESİ!!!'!#REF!,K51) -> #REF! | N51: =G51*0.045 -> 866.25 | O51: =G51*0.055 -> 1058.75 | P51: =G51+O51 -> 20308.75 | Q51: ='5-Banka Listesi'!G52 -> 0 | R51: =G51-Q51 -> 19250 | S51: =ROUND(G51*0.0225,3) -> 433.125 | T51: =ROUND(G51*0.02,3) -> 385 | U51: =ROUND(Q51+R51+S51+T51,3) -> 20068.125 | V51: 47
B52: 48 | C52: ='!!!KATILIMCI LİSTESİ!!!'!B49 -> AHMET ERDEM AĞCA | D52: ='!!!KATILIMCI LİSTESİ!!!'!C49 -> 17861048386 | E52: ='!!! VERİLER !!!'!C1 -> 1375 | F52: ='1-Devamsızlık Formu (Ek-4)'!AJ54 -> 14 | G52: =IF(AND('1-Devamsızlık Formu (Ek-4)'!D54="",F52>0,'1-Devamsızlık Formu (Ek-4)'!AW54="KASIM 2024"),(E52*(F52-1)+(666.75)),E52*F52) -> 19250 | H52: =G52*0.01 -> 192.5 | I52: =G52*0.01 -> 192.5 | J52: =IF(G52>20002.5,(G52-H52-I52)-(17002.12),0) -> 0 | K52: =J52*0.15 -> 0 | L52: =ROUND(K52-M52,2) -> #REF! | M52: =IF(K52-'!!!KATILIMCI LİSTESİ!!!'!#REF!>0,'!!!KATILIMCI LİSTESİ!!!'!#REF!,K52) -> #REF! | N52: =G52*0.045 -> 866.25 | O52: =G52*0.055 -> 1058.75 | P52: =G52+O52 -> 20308.75 | Q52: ='5-Banka Listesi'!G53 -> 0 | R52: =G52-Q52 -> 19250 | S52: =ROUND(G52*0.0225,3) -> 433.125 | T52: =ROUND(G52*0.02,3) -> 385 | U52: =ROUND(Q52+R52+S52+T52,3) -> 20068.125 | V52: 48
B53: 49 | C53: ='!!!KATILIMCI LİSTESİ!!!'!B50 -> AHMET EREN ÇAKMAK | D53: ='!!!KATILIMCI LİSTESİ!!!'!C50 -> 47677046900 | E53: ='!!! VERİLER !!!'!C1 -> 1375 | F53: ='1-Devamsızlık Formu (Ek-4)'!AJ55 -> 14 | G53: =IF(AND('1-Devamsızlık Formu (Ek-4)'!D55="",F53>0,'1-Devamsızlık Formu (Ek-4)'!AW55="KASIM 2024"),(E53*(F53-1)+(666.75)),E53*F53) -> 19250 | H53: =G53*0.01 -> 192.5 | I53: =G53*0.01 -> 192.5 | J53: =IF(G53>20002.5,(G53-H53-I53)-(17002.12),0) -> 0 | K53: =J53*0.15 -> 0 | L53: =ROUND(K53-M53,2) -> #REF! | M53: =IF(K53-'!!!KATILIMCI LİSTESİ!!!'!#REF!>0,'!!!KATILIMCI LİSTESİ!!!'!#REF!,K53) -> #REF! | N53: =G53*0.045 -> 866.25 | O53: =G53*0.055 -> 1058.75 | P53: =G53+O53 -> 20308.75 | Q53: ='5-Banka Listesi'!G54 -> 0 | R53: =G53-Q53 -> 19250 | S53: =ROUND(G53*0.0225,3) -> 433.125 | T53: =ROUND(G53*0.02,3) -> 385 | U53: =ROUND(Q53+R53+S53+T53,3) -> 20068.125 | V53: 49
B54: 50 | C54: ='!!!KATILIMCI LİSTESİ!!!'!B51 -> AHMET FURKAN KAPTAN | D54: ='!!!KATILIMCI LİSTESİ!!!'!C51 -> 10205396860 | E54: ='!!! VERİLER !!!'!C1 -> 1375 | F54: ='1-Devamsızlık Formu (Ek-4)'!AJ56 -> 14 | G54: =IF(AND('1-Devamsızlık Formu (Ek-4)'!D56="",F54>0,'1-Devamsızlık Formu (Ek-4)'!AW56="KASIM 2024"),(E54*(F54-1)+(666.75)),E54*F54) -> 19250 | H54: =G54*0.01 -> 192.5 | I54: =G54*0.01 -> 192.5 | J54: =IF(G54>20002.5,(G54-H54-I54)-(17002.12),0) -> 0 | K54: =J54*0.15 -> 0 | L54: =ROUND(K54-M54,2) -> #REF! | M54: =IF(K54-'!!!KATILIMCI LİSTESİ!!!'!#REF!>0,'!!!KATILIMCI LİSTESİ!!!'!#REF!,K54) -> #REF! | N54: =G54*0.045 -> 866.25 | O54: =G54*0.055 -> 1058.75 | P54: =G54+O54 -> 20308.75 | Q54: ='5-Banka Listesi'!G55 -> 0 | R54: =G54-Q54 -> 19250 | S54: =ROUND(G54*0.0225,3) -> 433.125 | T54: =ROUND(G54*0.02,3) -> 385 | U54: =ROUND(Q54+R54+S54+T54,3) -> 20068.125 | V54: 50
B55: 51 | C55: ='!!!KATILIMCI LİSTESİ!!!'!B52 -> AHMET FURKAN KÖŞKER | D55: ='!!!KATILIMCI LİSTESİ!!!'!C52 -> 22474876752 | E55: ='!!! VERİLER !!!'!C1 -> 1375 | F55: ='1-Devamsızlık Formu (Ek-4)'!AJ57 -> 6 | G55: =IF(AND('1-Devamsızlık Formu (Ek-4)'!D57="",F55>0,'1-Devamsızlık Formu (Ek-4)'!AW57="KASIM 2024"),(E55*(F55-1)+(666.75)),E55*F55) -> 8250 | H55: =G55*0.01 -> 82.5 | I55: =G55*0.01 -> 82.5 | J55: =IF(G55>20002.5,(G55-H55-I55)-(17002.12),0) -> 0 | K55: =J55*0.15 -> 0 | L55: =ROUND(K55-M55,2) -> #REF! | M55: =IF(K55-'!!!KATILIMCI LİSTESİ!!!'!#REF!>0,'!!!KATILIMCI LİSTESİ!!!'!#REF!,K55) -> #REF! | N55: =G55*0.045 -> 371.25 | O55: =G55*0.055 -> 453.75 | P55: =G55+O55 -> 8703.75 | Q55: ='5-Banka Listesi'!G56 -> 0 | R55: =G55-Q55 -> 8250 | S55: =ROUND(G55*0.0225,3) -> 185.625 | T55: =ROUND(G55*0.02,3) -> 165 | U55: =ROUND(Q55+R55+S55+T55,3) -> 8600.625 | V55: 51
B56: 52 | C56: ='!!!KATILIMCI LİSTESİ!!!'!B53 -> AHMET NEJLET SEZER | D56: ='!!!KATILIMCI LİSTESİ!!!'!C53 -> 39442321558 | E56: ='!!! VERİLER !!!'!C1 -> 1375 | F56: ='1-Devamsızlık Formu (Ek-4)'!AJ58 -> 14 | G56: =IF(AND('1-Devamsızlık Formu (Ek-4)'!D58="",F56>0,'1-Devamsızlık Formu (Ek-4)'!AW58="KASIM 2024"),(E56*(F56-1)+(666.75)),E56*F56) -> 19250 | H56: =G56*0.01 -> 192.5 | I56: =G56*0.01 -> 192.5 | J56: =IF(G56>20002.5,(G56-H56-I56)-(17002.12),0) -> 0 | K56: =J56*0.15 -> 0 | L56: =ROUND(K56-M56,2) -> #REF! | M56: =IF(K56-'!!!KATILIMCI LİSTESİ!!!'!#REF!>0,'!!!KATILIMCI LİSTESİ!!!'!#REF!,K56) -> #REF! | N56: =G56*0.045 -> 866.25 | O56: =G56*0.055 -> 1058.75 | P56: =G56+O56 -> 20308.75 | Q56: ='5-Banka Listesi'!G57 -> 0 | R56: =G56-Q56 -> 19250 | S56: =ROUND(G56*0.0225,3) -> 433.125 | T56: =ROUND(G56*0.02,3) -> 385 | U56: =ROUND(Q56+R56+S56+T56,3) -> 20068.125 | V56: 52
B57: 53 | C57: ='!!!KATILIMCI LİSTESİ!!!'!B54 -> AHMET SAMED ÇAKIR | D57: ='!!!KATILIMCI LİSTESİ!!!'!C54 -> 22582873186 | E57: ='!!! VERİLER !!!'!C1 -> 1375 | F57: ='1-Devamsızlık Formu (Ek-4)'!AJ59 -> 12 | G57: =IF(AND('1-Devamsızlık Formu (Ek-4)'!D59="",F57>0,'1-Devamsızlık Formu (Ek-4)'!AW59="KASIM 2024"),(E57*(F57-1)+(666.75)),E57*F57) -> 16500 | H57: =G57*0.01 -> 165 | I57: =G57*0.01 -> 165 | J57: =IF(G57>20002.5,(G57-H57-I57)-(17002.12),0) -> 0 | K57: =J57*0.15 -> 0 | L57: =ROUND(K57-M57,2) -> #REF! | M57: =IF(K57-'!!!KATILIMCI LİSTESİ!!!'!#REF!>0,'!!!KATILIMCI LİSTESİ!!!'!#REF!,K57) -> #REF! | N57: =G57*0.045 -> 742.5 | O57: =G57*0.055 -> 907.5 | P57: =G57+O57 -> 17407.5 | Q57: ='5-Banka Listesi'!G58 -> 0 | R57: =G57-Q57 -> 16500 | S57: =ROUND(G57*0.0225,3) -> 371.25 | T57: =ROUND(G57*0.02,3) -> 330 | U57: =ROUND(Q57+R57+S57+T57,3) -> 17201.25 | V57: 53
B58: 54 | C58: ='!!!KATILIMCI LİSTESİ!!!'!B55 -> AHMET SELİM GÜRBÜZ | D58: ='!!!KATILIMCI LİSTESİ!!!'!C55 -> 30070423706 | E58: ='!!! VERİLER !!!'!C1 -> 1375 | F58: ='1-Devamsızlık Formu (Ek-4)'!AJ60 -> 14 | G58: =IF(AND('1-Devamsızlık Formu (Ek-4)'!D60="",F58>0,'1-Devamsızlık Formu (Ek-4)'!AW60="KASIM 2024"),(E58*(F58-1)+(666.75)),E58*F58) -> 19250 | H58: =G58*0.01 -> 192.5 | I58: =G58*0.01 -> 192.5 | J58: =IF(G58>20002.5,(G58-H58-I58)-(17002.12),0) -> 0 | K58: =J58*0.15 -> 0 | L58: =ROUND(K58-M58,2) -> #REF! | M58: =IF(K58-'!!!KATILIMCI LİSTESİ!!!'!#REF!>0,'!!!KATILIMCI LİSTESİ!!!'!#REF!,K58) -> #REF! | N58: =G58*0.045 -> 866.25 | O58: =G58*0.055 -> 1058.75 | P58: =G58+O58 -> 20308.75 | Q58: ='5-Banka Listesi'!G59 -> 0 | R58: =G58-Q58 -> 19250 | S58: =ROUND(G58*0.0225,3) -> 433.125 | T58: =ROUND(G58*0.02,3) -> 385 | U58: =ROUND(Q58+R58+S58+T58,3) -> 20068.125 | V58: 54
B59: 55 | C59: ='!!!KATILIMCI LİSTESİ!!!'!B56 -> AHMET SELİM ŞAHİN | D59: ='!!!KATILIMCI LİSTESİ!!!'!C56 -> 29318435410 | E59: ='!!! VERİLER !!!'!C1 -> 1375 | F59: ='1-Devamsızlık Formu (Ek-4)'!AJ61 -> 14 | G59: =IF(AND('1-Devamsızlık Formu (Ek-4)'!D61="",F59>0,'1-Devamsızlık Formu (Ek-4)'!AW61="KASIM 2024"),(E59*(F59-1)+(666.75)),E59*F59) -> 19250 | H59: =G59*0.01 -> 192.5 | I59: =G59*0.01 -> 192.5 | J59: =IF(G59>20002.5,(G59-H59-I59)-(17002.12),0) -> 0 | K59: =J59*0.15 -> 0 | L59: =ROUND(K59-M59,2) -> #REF! | M59: =IF(K59-'!!!KATILIMCI LİSTESİ!!!'!#REF!>0,'!!!KATILIMCI LİSTESİ!!!'!#REF!,K59) -> #REF! | N59: =G59*0.045 -> 866.25 | O59: =G59*0.055 -> 1058.75 | P59: =G59+O59 -> 20308.75 | Q59: ='5-Banka Listesi'!G60 -> 0 | R59: =G59-Q59 -> 19250 | S59: =ROUND(G59*0.0225,3) -> 433.125 | T59: =ROUND(G59*0.02,3) -> 385 | U59: =ROUND(Q59+R59+S59+T59,3) -> 20068.125 | V59: 55
B60: 56 | C60: ='!!!KATILIMCI LİSTESİ!!!'!B57 -> AHMET SİNAN KILINÇ | D60: ='!!!KATILIMCI LİSTESİ!!!'!C57 -> 12272215372 | E60: ='!!! VERİLER !!!'!C1 -> 1375 | F60: ='1-Devamsızlık Formu (Ek-4)'!AJ62 -> 12 | G60: =IF(AND('1-Devamsızlık Formu (Ek-4)'!D62="",F60>0,'1-Devamsızlık Formu (Ek-4)'!AW62="KASIM 2024"),(E60*(F60-1)+(666.75)),E60*F60) -> 16500 | H60: =G60*0.01 -> 165 | I60: =G60*0.01 -> 165 | J60: =IF(G60>20002.5,(G60-H60-I60)-(17002.12),0) -> 0 | K60: =J60*0.15 -> 0 | L60: =ROUND(K60-M60,2) -> #REF! | M60: =IF(K60-'!!!KATILIMCI LİSTESİ!!!'!#REF!>0,'!!!KATILIMCI LİSTESİ!!!'!#REF!,K60) -> #REF! | N60: =G60*0.045 -> 742.5 | O60: =G60*0.055 -> 907.5 | P60: =G60+O60 -> 17407.5 | Q60: ='5-Banka Listesi'!G61 -> 0 | R60: =G60-Q60 -> 16500 | S60: =ROUND(G60*0.0225,3) -> 371.25 | T60: =ROUND(G60*0.02,3) -> 330 | U60: =ROUND(Q60+R60+S60+T60,3) -> 17201.25 | V60: 56
B61: 57 | C61: ='!!!KATILIMCI LİSTESİ!!!'!B58 -> AHMET SUNGUR ÖZEL | D61: ='!!!KATILIMCI LİSTESİ!!!'!C58 -> 10823285638 | E61: ='!!! VERİLER !!!'!C1 -> 1375 | F61: ='1-Devamsızlık Formu (Ek-4)'!AJ63 -> 14 | G61: =IF(AND('1-Devamsızlık Formu (Ek-4)'!D63="",F61>0,'1-Devamsızlık Formu (Ek-4)'!AW63="KASIM 2024"),(E61*(F61-1)+(666.75)),E61*F61) -> 19250 | H61: =G61*0.01 -> 192.5 | I61: =G61*0.01 -> 192.5 | J61: =IF(G61>20002.5,(G61-H61-I61)-(17002.12),0) -> 0 | K61: =J61*0.15 -> 0 | L61: =ROUND(K61-M61,2) -> #REF! | M61: =IF(K61-'!!!KATILIMCI LİSTESİ!!!'!#REF!>0,'!!!KATILIMCI LİSTESİ!!!'!#REF!,K61) -> #REF! | N61: =G61*0.045 -> 866.25 | O61: =G61*0.055 -> 1058.75 | P61: =G61+O61 -> 20308.75 | Q61: ='5-Banka Listesi'!G62 -> 0 | R61: =G61-Q61 -> 19250 | S61: =ROUND(G61*0.0225,3) -> 433.125 | T61: =ROUND(G61*0.02,3) -> 385 | U61: =ROUND(Q61+R61+S61+T61,3) -> 20068.125 | V61: 57
B62: 58 | C62: ='!!!KATILIMCI LİSTESİ!!!'!B59 -> AHMET TUNAHAN BALIKCI | D62: ='!!!KATILIMCI LİSTESİ!!!'!C59 -> 22684819662 | E62: ='!!! VERİLER !!!'!C1 -> 1375 | F62: ='1-Devamsızlık Formu (Ek-4)'!AJ64 -> 4 | G62: =IF(AND('1-Devamsızlık Formu (Ek-4)'!D64="",F62>0,'1-Devamsızlık Formu (Ek-4)'!AW64="KASIM 2024"),(E62*(F62-1)+(666.75)),E62*F62) -> 5500 | H62: =G62*0.01 -> 55 | I62: =G62*0.01 -> 55 | J62: =IF(G62>20002.5,(G62-H62-I62)-(17002.12),0) -> 0 | K62: =J62*0.15 -> 0 | L62: =ROUND(K62-M62,2) -> #REF! | M62: =IF(K62-'!!!KATILIMCI LİSTESİ!!!'!#REF!>0,'!!!KATILIMCI LİSTESİ!!!'!#REF!,K62) -> #REF! | N62: =G62*0.045 -> 247.5 | O62: =G62*0.055 -> 302.5 | P62: =G62+O62 -> 5802.5 | Q62: ='5-Banka Listesi'!G63 -> 0 | R62: =G62-Q62 -> 5500 | S62: =ROUND(G62*0.0225,3) -> 123.75 | T62: =ROUND(G62*0.02,3) -> 110 | U62: =ROUND(Q62+R62+S62+T62,3) -> 5733.75 | V62: 58
B63: 59 | C63: ='!!!KATILIMCI LİSTESİ!!!'!B60 -> AHMET TUNAHAN KILINÇ | D63: ='!!!KATILIMCI LİSTESİ!!!'!C60 -> 11702249444 | E63: ='!!! VERİLER !!!'!C1 -> 1375 | F63: ='1-Devamsızlık Formu (Ek-4)'!AJ65 -> 13 | G63: =IF(AND('1-Devamsızlık Formu (Ek-4)'!D65="",F63>0,'1-Devamsızlık Formu (Ek-4)'!AW65="KASIM 2024"),(E63*(F63-1)+(666.75)),E63*F63) -> 17875 | H63: =G63*0.01 -> 178.75 | I63: =G63*0.01 -> 178.75 | J63: =IF(G63>20002.5,(G63-H63-I63)-(17002.12),0) -> 0 | K63: =J63*0.15 -> 0 | L63: =ROUND(K63-M63,2) -> #REF! | M63: =IF(K63-'!!!KATILIMCI LİSTESİ!!!'!#REF!>0,'!!!KATILIMCI LİSTESİ!!!'!#REF!,K63) -> #REF! | N63: =G63*0.045 -> 804.375 | O63: =G63*0.055 -> 983.125 | P63: =G63+O63 -> 18858.125 | Q63: ='5-Banka Listesi'!G64 -> 0 | R63: =G63-Q63 -> 17875 | S63: =ROUND(G63*0.0225,3) -> 402.188 | T63: =ROUND(G63*0.02,3) -> 357.5 | U63: =ROUND(Q63+R63+S63+T63,3) -> 18634.688 | V63: 59
B64: 60 | C64: ='!!!KATILIMCI LİSTESİ!!!'!B61 -> AHMET YASİN MAVİŞ | D64: ='!!!KATILIMCI LİSTESİ!!!'!C61 -> 48013224396 | E64: ='!!! VERİLER !!!'!C1 -> 1375 | F64: ='1-Devamsızlık Formu (Ek-4)'!AJ66 -> 14 | G64: =IF(AND('1-Devamsızlık Formu (Ek-4)'!D66="",F64>0,'1-Devamsızlık Formu (Ek-4)'!AW66="KASIM 2024"),(E64*(F64-1)+(666.75)),E64*F64) -> 19250 | H64: =G64*0.01 -> 192.5 | I64: =G64*0.01 -> 192.5 | J64: =IF(G64>20002.5,(G64-H64-I64)-(17002.12),0) -> 0 | K64: =J64*0.15 -> 0 | L64: =ROUND(K64-M64,2) -> #REF! | M64: =IF(K64-'!!!KATILIMCI LİSTESİ!!!'!#REF!>0,'!!!KATILIMCI LİSTESİ!!!'!#REF!,K64) -> #REF! | N64: =G64*0.045 -> 866.25 | O64: =G64*0.055 -> 1058.75 | P64: =G64+O64 -> 20308.75 | Q64: ='5-Banka Listesi'!G65 -> 0 | R64: =G64-Q64 -> 19250 | S64: =ROUND(G64*0.0225,3) -> 433.125 | T64: =ROUND(G64*0.02,3) -> 385 | U64: =ROUND(Q64+R64+S64+T64,3) -> 20068.125 | V64: 60
B65: 61 | C65: ='!!!KATILIMCI LİSTESİ!!!'!B62 -> AHSEN ASMİN SONGAN | D65: ='!!!KATILIMCI LİSTESİ!!!'!C62 -> 28169555506 | E65: ='!!! VERİLER !!!'!C1 -> 1375 | F65: ='1-Devamsızlık Formu (Ek-4)'!AJ67 -> 14 | G65: =IF(AND('1-Devamsızlık Formu (Ek-4)'!D67="",F65>0,'1-Devamsızlık Formu (Ek-4)'!AW67="KASIM 2024"),(E65*(F65-1)+(666.75)),E65*F65) -> 19250 | H65: =G65*0.01 -> 192.5 | I65: =G65*0.01 -> 192.5 | J65: =IF(G65>20002.5,(G65-H65-I65)-(17002.12),0) -> 0 | K65: =J65*0.15 -> 0 | L65: =ROUND(K65-M65,2) -> #REF! | M65: =IF(K65-'!!!KATILIMCI LİSTESİ!!!'!#REF!>0,'!!!KATILIMCI LİSTESİ!!!'!#REF!,K65) -> #REF! | N65: =G65*0.045 -> 866.25 | O65: =G65*0.055 -> 1058.75 | P65: =G65+O65 -> 20308.75 | Q65: ='5-Banka Listesi'!G66 -> 0 | R65: =G65-Q65 -> 19250 | S65: =ROUND(G65*0.0225,3) -> 433.125 | T65: =ROUND(G65*0.02,3) -> 385 | U65: =ROUND(Q65+R65+S65+T65,3) -> 20068.125 | V65: 61
B66: 62 | C66: ='!!!KATILIMCI LİSTESİ!!!'!B63 -> AİŞE PARLAKYILDIZ | D66: ='!!!KATILIMCI LİSTESİ!!!'!C63 -> 12284343940 | E66: ='!!! VERİLER !!!'!C1 -> 1375 | F66: ='1-Devamsızlık Formu (Ek-4)'!AJ68 -> 14 | G66: =IF(AND('1-Devamsızlık Formu (Ek-4)'!D68="",F66>0,'1-Devamsızlık Formu (Ek-4)'!AW68="KASIM 2024"),(E66*(F66-1)+(666.75)),E66*F66) -> 19250 | H66: =G66*0.01 -> 192.5 | I66: =G66*0.01 -> 192.5 | J66: =IF(G66>20002.5,(G66-H66-I66)-(17002.12),0) -> 0 | K66: =J66*0.15 -> 0 | L66: =ROUND(K66-M66,2) -> #REF! | M66: =IF(K66-'!!!KATILIMCI LİSTESİ!!!'!#REF!>0,'!!!KATILIMCI LİSTESİ!!!'!#REF!,K66) -> #REF! | N66: =G66*0.045 -> 866.25 | O66: =G66*0.055 -> 1058.75 | P66: =G66+O66 -> 20308.75 | Q66: ='5-Banka Listesi'!G67 -> 0 | R66: =G66-Q66 -> 19250 | S66: =ROUND(G66*0.0225,3) -> 433.125 | T66: =ROUND(G66*0.02,3) -> 385 | U66: =ROUND(Q66+R66+S66+T66,3) -> 20068.125 | V66: 62
B67: 63 | C67: ='!!!KATILIMCI LİSTESİ!!!'!B64 -> AKİF SÜHA LAVKAR | D67: ='!!!KATILIMCI LİSTESİ!!!'!C64 -> 10472557506 | E67: ='!!! VERİLER !!!'!C1 -> 1375 | F67: ='1-Devamsızlık Formu (Ek-4)'!AJ69 -> 14 | G67: =IF(AND('1-Devamsızlık Formu (Ek-4)'!D69="",F67>0,'1-Devamsızlık Formu (Ek-4)'!AW69="KASIM 2024"),(E67*(F67-1)+(666.75)),E67*F67) -> 19250 | H67: =G67*0.01 -> 192.5 | I67: =G67*0.01 -> 192.5 | J67: =IF(G67>20002.5,(G67-H67-I67)-(17002.12),0) -> 0 | K67: =J67*0.15 -> 0 | L67: =ROUND(K67-M67,2) -> #REF! | M67: =IF(K67-'!!!KATILIMCI LİSTESİ!!!'!#REF!>0,'!!!KATILIMCI LİSTESİ!!!'!#REF!,K67) -> #REF! | N67: =G67*0.045 -> 866.25 | O67: =G67*0.055 -> 1058.75 | P67: =G67+O67 -> 20308.75 | Q67: ='5-Banka Listesi'!G68 -> 0 | R67: =G67-Q67 -> 19250 | S67: =ROUND(G67*0.0225,3) -> 433.125 | T67: =ROUND(G67*0.02,3) -> 385 | U67: =ROUND(Q67+R67+S67+T67,3) -> 20068.125 | V67: 63
B68: 64 | C68: ='!!!KATILIMCI LİSTESİ!!!'!B65 -> AKIN YAVUZ | D68: ='!!!KATILIMCI LİSTESİ!!!'!C65 -> 13964174410 | E68: ='!!! VERİLER !!!'!C1 -> 1375 | F68: ='1-Devamsızlık Formu (Ek-4)'!AJ70 -> 14 | G68: =IF(AND('1-Devamsızlık Formu (Ek-4)'!D70="",F68>0,'1-Devamsızlık Formu (Ek-4)'!AW70="KASIM 2024"),(E68*(F68-1)+(666.75)),E68*F68) -> 19250 | H68: =G68*0.01 -> 192.5 | I68: =G68*0.01 -> 192.5 | J68: =IF(G68>20002.5,(G68-H68-I68)-(17002.12),0) -> 0 | K68: =J68*0.15 -> 0 | L68: =ROUND(K68-M68,2) -> #REF! | M68: =IF(K68-'!!!KATILIMCI LİSTESİ!!!'!#REF!>0,'!!!KATILIMCI LİSTESİ!!!'!#REF!,K68) -> #REF! | N68: =G68*0.045 -> 866.25 | O68: =G68*0.055 -> 1058.75 | P68: =G68+O68 -> 20308.75 | Q68: ='5-Banka Listesi'!G69 -> 0 | R68: =G68-Q68 -> 19250 | S68: =ROUND(G68*0.0225,3) -> 433.125 | T68: =ROUND(G68*0.02,3) -> 385 | U68: =ROUND(Q68+R68+S68+T68,3) -> 20068.125 | V68: 64
B69: 65 | C69: ='!!!KATILIMCI LİSTESİ!!!'!B66 -> ALAADDİN FATİH GÜVENLİER | D69: ='!!!KATILIMCI LİSTESİ!!!'!C66 -> 10039814196 | E69: ='!!! VERİLER !!!'!C1 -> 1375 | F69: ='1-Devamsızlık Formu (Ek-4)'!AJ71 -> 14 | G69: =IF(AND('1-Devamsızlık Formu (Ek-4)'!D71="",F69>0,'1-Devamsızlık Formu (Ek-4)'!AW71="KASIM 2024"),(E69*(F69-1)+(666.75)),E69*F69) -> 19250 | H69: =G69*0.01 -> 192.5 | I69: =G69*0.01 -> 192.5 | J69: =IF(G69>20002.5,(G69-H69-I69)-(17002.12),0) -> 0 | K69: =J69*0.15 -> 0 | L69: =ROUND(K69-M69,2) -> #REF! | M69: =IF(K69-'!!!KATILIMCI LİSTESİ!!!'!#REF!>0,'!!!KATILIMCI LİSTESİ!!!'!#REF!,K69) -> #REF! | N69: =G69*0.045 -> 866.25 | O69: =G69*0.055 -> 1058.75 | P69: =G69+O69 -> 20308.75 | Q69: ='5-Banka Listesi'!G70 -> 0 | R69: =G69-Q69 -> 19250 | S69: =ROUND(G69*0.0225,3) -> 433.125 | T69: =ROUND(G69*0.02,3) -> 385 | U69: =ROUND(Q69+R69+S69+T69,3) -> 20068.125 | V69: 65
B70: 66 | C70: ='!!!KATILIMCI LİSTESİ!!!'!B67 -> ALEYNA ADMIŞ | D70: ='!!!KATILIMCI LİSTESİ!!!'!C67 -> 10688379428 | E70: ='!!! VERİLER !!!'!C1 -> 1375 | F70: ='1-Devamsızlık Formu (Ek-4)'!AJ72 -> 14 | G70: =IF(AND('1-Devamsızlık Formu (Ek-4)'!D72="",F70>0,'1-Devamsızlık Formu (Ek-4)'!AW72="KASIM 2024"),(E70*(F70-1)+(666.75)),E70*F70) -> 19250 | H70: =G70*0.01 -> 192.5 | I70: =G70*0.01 -> 192.5 | J70: =IF(G70>20002.5,(G70-H70-I70)-(17002.12),0) -> 0 | K70: =J70*0.15 -> 0 | L70: =ROUND(K70-M70,2) -> #REF! | M70: =IF(K70-'!!!KATILIMCI LİSTESİ!!!'!#REF!>0,'!!!KATILIMCI LİSTESİ!!!'!#REF!,K70) -> #REF! | N70: =G70*0.045 -> 866.25 | O70: =G70*0.055 -> 1058.75 | P70: =G70+O70 -> 20308.75 | Q70: ='5-Banka Listesi'!G71 -> 0 | R70: =G70-Q70 -> 19250 | S70: =ROUND(G70*0.0225,3) -> 433.125 | T70: =ROUND(G70*0.02,3) -> 385 | U70: =ROUND(Q70+R70+S70+T70,3) -> 20068.125 | V70: 66
B71: 67 | C71: ='!!!KATILIMCI LİSTESİ!!!'!B68 -> ALEYNA ATAŞ | D71: ='!!!KATILIMCI LİSTESİ!!!'!C68 -> 10319391300 | E71: ='!!! VERİLER !!!'!C1 -> 1375 | F71: ='1-Devamsızlık Formu (Ek-4)'!AJ73 -> 0 | G71: =IF(AND('1-Devamsızlık Formu (Ek-4)'!D73="",F71>0,'1-Devamsızlık Formu (Ek-4)'!AW73="KASIM 2024"),(E71*(F71-1)+(666.75)),E71*F71) -> 0 | H71: =G71*0.01 -> 0 | I71: =G71*0.01 -> 0 | J71: =IF(G71>20002.5,(G71-H71-I71)-(17002.12),0) -> 0 | K71: =J71*0.15 -> 0 | L71: =ROUND(K71-M71,2) -> #REF! | M71: =IF(K71-'!!!KATILIMCI LİSTESİ!!!'!#REF!>0,'!!!KATILIMCI LİSTESİ!!!'!#REF!,K71) -> #REF! | N71: =G71*0.045 -> 0 | O71: =G71*0.055 -> 0 | P71: =G71+O71 -> 0 | Q71: ='5-Banka Listesi'!G72 -> 0 | R71: =G71-Q71 -> 0 | S71: =ROUND(G71*0.0225,3) -> 0 | T71: =ROUND(G71*0.02,3) -> 0 | U71: =ROUND(Q71+R71+S71+T71,3) -> 0 | V71: 67
B72: 68 | C72: ='!!!KATILIMCI LİSTESİ!!!'!B69 -> ALEYNA BEKTAŞLI | D72: ='!!!KATILIMCI LİSTESİ!!!'!C69 -> 11339325894 | E72: ='!!! VERİLER !!!'!C1 -> 1375 | F72: ='1-Devamsızlık Formu (Ek-4)'!AJ74 -> 9 | G72: =IF(AND('1-Devamsızlık Formu (Ek-4)'!D74="",F72>0,'1-Devamsızlık Formu (Ek-4)'!AW74="KASIM 2024"),(E72*(F72-1)+(666.75)),E72*F72) -> 12375 | H72: =G72*0.01 -> 123.75 | I72: =G72*0.01 -> 123.75 | J72: =IF(G72>20002.5,(G72-H72-I72)-(17002.12),0) -> 0 | K72: =J72*0.15 -> 0 | L72: =ROUND(K72-M72,2) -> #REF! | M72: =IF(K72-'!!!KATILIMCI LİSTESİ!!!'!#REF!>0,'!!!KATILIMCI LİSTESİ!!!'!#REF!,K72) -> #REF! | N72: =G72*0.045 -> 556.875 | O72: =G72*0.055 -> 680.625 | P72: =G72+O72 -> 13055.625 | Q72: ='5-Banka Listesi'!G73 -> 0 | R72: =G72-Q72 -> 12375 | S72: =ROUND(G72*0.0225,3) -> 278.438 | T72: =ROUND(G72*0.02,3) -> 247.5 | U72: =ROUND(Q72+R72+S72+T72,3) -> 12900.938 | V72: 68
B73: 69 | C73: ='!!!KATILIMCI LİSTESİ!!!'!B70 -> ALEYNA TAŞÇI | D73: ='!!!KATILIMCI LİSTESİ!!!'!C70 -> 12899207200 | E73: ='!!! VERİLER !!!'!C1 -> 1375 | F73: ='1-Devamsızlık Formu (Ek-4)'!AJ75 -> 14 | G73: =IF(AND('1-Devamsızlık Formu (Ek-4)'!D75="",F73>0,'1-Devamsızlık Formu (Ek-4)'!AW75="KASIM 2024"),(E73*(F73-1)+(666.75)),E73*F73) -> 19250 | H73: =G73*0.01 -> 192.5 | I73: =G73*0.01 -> 192.5 | J73: =IF(G73>20002.5,(G73-H73-I73)-(17002.12),0) -> 0 | K73: =J73*0.15 -> 0 | L73: =ROUND(K73-M73,2) -> #REF! | M73: =IF(K73-'!!!KATILIMCI LİSTESİ!!!'!#REF!>0,'!!!KATILIMCI LİSTESİ!!!'!#REF!,K73) -> #REF! | N73: =G73*0.045 -> 866.25 | O73: =G73*0.055 -> 1058.75 | P73: =G73+O73 -> 20308.75 | Q73: ='5-Banka Listesi'!G74 -> 0 | R73: =G73-Q73 -> 19250 | S73: =ROUND(G73*0.0225,3) -> 433.125 | T73: =ROUND(G73*0.02,3) -> 385 | U73: =ROUND(Q73+R73+S73+T73,3) -> 20068.125 | V73: 69
B74: 70 | C74: ='!!!KATILIMCI LİSTESİ!!!'!B71 -> ALEYNA ZENCİRLİ | D74: ='!!!KATILIMCI LİSTESİ!!!'!C71 -> 47344548706 | E74: ='!!! VERİLER !!!'!C1 -> 1375 | F74: ='1-Devamsızlık Formu (Ek-4)'!AJ76 -> 6 | G74: =IF(AND('1-Devamsızlık Formu (Ek-4)'!D76="",F74>0,'1-Devamsızlık Formu (Ek-4)'!AW76="KASIM 2024"),(E74*(F74-1)+(666.75)),E74*F74) -> 8250 | H74: =G74*0.01 -> 82.5 | I74: =G74*0.01 -> 82.5 | J74: =IF(G74>20002.5,(G74-H74-I74)-(17002.12),0) -> 0 | K74: =J74*0.15 -> 0 | L74: =ROUND(K74-M74,2) -> #REF! | M74: =IF(K74-'!!!KATILIMCI LİSTESİ!!!'!#REF!>0,'!!!KATILIMCI LİSTESİ!!!'!#REF!,K74) -> #REF! | N74: =G74*0.045 -> 371.25 | O74: =G74*0.055 -> 453.75 | P74: =G74+O74 -> 8703.75 | Q74: ='5-Banka Listesi'!G75 -> 0 | R74: =G74-Q74 -> 8250 | S74: =ROUND(G74*0.0225,3) -> 185.625 | T74: =ROUND(G74*0.02,3) -> 165 | U74: =ROUND(Q74+R74+S74+T74,3) -> 8600.625 | V74: 70
B75: 71 | C75: ='!!!KATILIMCI LİSTESİ!!!'!B72 -> ALEYNA NUR ÇEVİK | D75: ='!!!KATILIMCI LİSTESİ!!!'!C72 -> 10230158808 | E75: ='!!! VERİLER !!!'!C1 -> 1375 | F75: ='1-Devamsızlık Formu (Ek-4)'!AJ77 -> 10 | G75: =IF(AND('1-Devamsızlık Formu (Ek-4)'!D77="",F75>0,'1-Devamsızlık Formu (Ek-4)'!AW77="KASIM 2024"),(E75*(F75-1)+(666.75)),E75*F75) -> 13750 | H75: =G75*0.01 -> 137.5 | I75: =G75*0.01 -> 137.5 | J75: =IF(G75>20002.5,(G75-H75-I75)-(17002.12),0) -> 0 | K75: =J75*0.15 -> 0 | L75: =ROUND(K75-M75,2) -> #REF! | M75: =IF(K75-'!!!KATILIMCI LİSTESİ!!!'!#REF!>0,'!!!KATILIMCI LİSTESİ!!!'!#REF!,K75) -> #REF! | N75: =G75*0.045 -> 618.75 | O75: =G75*0.055 -> 756.25 | P75: =G75+O75 -> 14506.25 | Q75: ='5-Banka Listesi'!G76 -> 0 | R75: =G75-Q75 -> 13750 | S75: =ROUND(G75*0.0225,3) -> 309.375 | T75: =ROUND(G75*0.02,3) -> 275 | U75: =ROUND(Q75+R75+S75+T75,3) -> 14334.375 | V75: 71
B76: 72 | C76: ='!!!KATILIMCI LİSTESİ!!!'!B73 -> ALİ AKCAN | D76: ='!!!KATILIMCI LİSTESİ!!!'!C73 -> 15035913614 | E76: ='!!! VERİLER !!!'!C1 -> 1375 | F76: ='1-Devamsızlık Formu (Ek-4)'!AJ78 -> 14 | G76: =IF(AND('1-Devamsızlık Formu (Ek-4)'!D78="",F76>0,'1-Devamsızlık Formu (Ek-4)'!AW78="KASIM 2024"),(E76*(F76-1)+(666.75)),E76*F76) -> 19250 | H76: =G76*0.01 -> 192.5 | I76: =G76*0.01 -> 192.5 | J76: =IF(G76>20002.5,(G76-H76-I76)-(17002.12),0) -> 0 | K76: =J76*0.15 -> 0 | L76: =ROUND(K76-M76,2) -> #REF! | M76: =IF(K76-'!!!KATILIMCI LİSTESİ!!!'!#REF!>0,'!!!KATILIMCI LİSTESİ!!!'!#REF!,K76) -> #REF! | N76: =G76*0.045 -> 866.25 | O76: =G76*0.055 -> 1058.75 | P76: =G76+O76 -> 20308.75 | Q76: ='5-Banka Listesi'!G77 -> 0 | R76: =G76-Q76 -> 19250 | S76: =ROUND(G76*0.0225,3) -> 433.125 | T76: =ROUND(G76*0.02,3) -> 385 | U76: =ROUND(Q76+R76+S76+T76,3) -> 20068.125 | V76: 72
B77: 73 | C77: ='!!!KATILIMCI LİSTESİ!!!'!B74 -> ALİ ASLAN | D77: ='!!!KATILIMCI LİSTESİ!!!'!C74 -> 16460670448 | E77: ='!!! VERİLER !!!'!C1 -> 1375 | F77: ='1-Devamsızlık Formu (Ek-4)'!AJ79 -> 13 | G77: =IF(AND('1-Devamsızlık Formu (Ek-4)'!D79="",F77>0,'1-Devamsızlık Formu (Ek-4)'!AW79="KASIM 2024"),(E77*(F77-1)+(666.75)),E77*F77) -> 17875 | H77: =G77*0.01 -> 178.75 | I77: =G77*0.01 -> 178.75 | J77: =IF(G77>20002.5,(G77-H77-I77)-(17002.12),0) -> 0 | K77: =J77*0.15 -> 0 | L77: =ROUND(K77-M77,2) -> #REF! | M77: =IF(K77-'!!!KATILIMCI LİSTESİ!!!'!#REF!>0,'!!!KATILIMCI LİSTESİ!!!'!#REF!,K77) -> #REF! | N77: =G77*0.045 -> 804.375 | O77: =G77*0.055 -> 983.125 | P77: =G77+O77 -> 18858.125 | Q77: ='5-Banka Listesi'!G78 -> 0 | R77: =G77-Q77 -> 17875 | S77: =ROUND(G77*0.0225,3) -> 402.188 | T77: =ROUND(G77*0.02,3) -> 357.5 | U77: =ROUND(Q77+R77+S77+T77,3) -> 18634.688 | V77: 73
B78: 74 | C78: ='!!!KATILIMCI LİSTESİ!!!'!B75 -> ALİ BARAN | D78: ='!!!KATILIMCI LİSTESİ!!!'!C75 -> 14843151096 | E78: ='!!! VERİLER !!!'!C1 -> 1375 | F78: ='1-Devamsızlık Formu (Ek-4)'!AJ80 -> 14 | G78: =IF(AND('1-Devamsızlık Formu (Ek-4)'!D80="",F78>0,'1-Devamsızlık Formu (Ek-4)'!AW80="KASIM 2024"),(E78*(F78-1)+(666.75)),E78*F78) -> 19250 | H78: =G78*0.01 -> 192.5 | I78: =G78*0.01 -> 192.5 | J78: =IF(G78>20002.5,(G78-H78-I78)-(17002.12),0) -> 0 | K78: =J78*0.15 -> 0 | L78: =ROUND(K78-M78,2) -> #REF! | M78: =IF(K78-'!!!KATILIMCI LİSTESİ!!!'!#REF!>0,'!!!KATILIMCI LİSTESİ!!!'!#REF!,K78) -> #REF! | N78: =G78*0.045 -> 866.25 | O78: =G78*0.055 -> 1058.75 | P78: =G78+O78 -> 20308.75 | Q78: ='5-Banka Listesi'!G79 -> 0 | R78: =G78-Q78 -> 19250 | S78: =ROUND(G78*0.0225,3) -> 433.125 | T78: =ROUND(G78*0.02,3) -> 385 | U78: =ROUND(Q78+R78+S78+T78,3) -> 20068.125 | V78: 74
B79: 75 | C79: ='!!!KATILIMCI LİSTESİ!!!'!B76 -> ALİ BOL | D79: ='!!!KATILIMCI LİSTESİ!!!'!C76 -> 20837153526 | E79: ='!!! VERİLER !!!'!C1 -> 1375 | F79: ='1-Devamsızlık Formu (Ek-4)'!AJ81 -> 14 | G79: =IF(AND('1-Devamsızlık Formu (Ek-4)'!D81="",F79>0,'1-Devamsızlık Formu (Ek-4)'!AW81="KASIM 2024"),(E79*(F79-1)+(666.75)),E79*F79) -> 19250 | H79: =G79*0.01 -> 192.5 | I79: =G79*0.01 -> 192.5 | J79: =IF(G79>20002.5,(G79-H79-I79)-(17002.12),0) -> 0 | K79: =J79*0.15 -> 0 | L79: =ROUND(K79-M79,2) -> #REF! | M79: =IF(K79-'!!!KATILIMCI LİSTESİ!!!'!#REF!>0,'!!!KATILIMCI LİSTESİ!!!'!#REF!,K79) -> #REF! | N79: =G79*0.045 -> 866.25 | O79: =G79*0.055 -> 1058.75 | P79: =G79+O79 -> 20308.75 | Q79: ='5-Banka Listesi'!G80 -> 0 | R79: =G79-Q79 -> 19250 | S79: =ROUND(G79*0.0225,3) -> 433.125 | T79: =ROUND(G79*0.02,3) -> 385 | U79: =ROUND(Q79+R79+S79+T79,3) -> 20068.125 | V79: 75
B80: 76 | C80: ='!!!KATILIMCI LİSTESİ!!!'!B77 -> ALİ KILIÇLAR | D80: ='!!!KATILIMCI LİSTESİ!!!'!C77 -> 11762324310 | E80: ='!!! VERİLER !!!'!C1 -> 1375 | F80: ='1-Devamsızlık Formu (Ek-4)'!AJ82 -> 0 | G80: =IF(AND('1-Devamsızlık Formu (Ek-4)'!D82="",F80>0,'1-Devamsızlık Formu (Ek-4)'!AW82="KASIM 2024"),(E80*(F80-1)+(666.75)),E80*F80) -> 0 | H80: =G80*0.01 -> 0 | I80: =G80*0.01 -> 0 | J80: =IF(G80>20002.5,(G80-H80-I80)-(17002.12),0) -> 0 | K80: =J80*0.15 -> 0 | L80: =ROUND(K80-M80,2) -> #REF! | M80: =IF(K80-'!!!KATILIMCI LİSTESİ!!!'!#REF!>0,'!!!KATILIMCI LİSTESİ!!!'!#REF!,K80) -> #REF! | N80: =G80*0.045 -> 0 | O80: =G80*0.055 -> 0 | P80: =G80+O80 -> 0 | Q80: ='5-Banka Listesi'!G81 -> 0 | R80: =G80-Q80 -> 0 | S80: =ROUND(G80*0.0225,3) -> 0 | T80: =ROUND(G80*0.02,3) -> 0 | U80: =ROUND(Q80+R80+S80+T80,3) -> 0 | V80: 76
B81: 77 | C81: ='!!!KATILIMCI LİSTESİ!!!'!B78 -> ALİ KOCAOĞLU | D81: ='!!!KATILIMCI LİSTESİ!!!'!C78 -> 10667338576 | E81: ='!!! VERİLER !!!'!C1 -> 1375 | F81: ='1-Devamsızlık Formu (Ek-4)'!AJ83 -> 14 | G81: =IF(AND('1-Devamsızlık Formu (Ek-4)'!D83="",F81>0,'1-Devamsızlık Formu (Ek-4)'!AW83="KASIM 2024"),(E81*(F81-1)+(666.75)),E81*F81) -> 19250 | H81: =G81*0.01 -> 192.5 | I81: =G81*0.01 -> 192.5 | J81: =IF(G81>20002.5,(G81-H81-I81)-(17002.12),0) -> 0 | K81: =J81*0.15 -> 0 | L81: =ROUND(K81-M81,2) -> #REF! | M81: =IF(K81-'!!!KATILIMCI LİSTESİ!!!'!#REF!>0,'!!!KATILIMCI LİSTESİ!!!'!#REF!,K81) -> #REF! | N81: =G81*0.045 -> 866.25 | O81: =G81*0.055 -> 1058.75 | P81: =G81+O81 -> 20308.75 | Q81: ='5-Banka Listesi'!G82 -> 0 | R81: =G81-Q81 -> 19250 | S81: =ROUND(G81*0.0225,3) -> 433.125 | T81: =ROUND(G81*0.02,3) -> 385 | U81: =ROUND(Q81+R81+S81+T81,3) -> 20068.125 | V81: 77
B82: 78 | C82: ='!!!KATILIMCI LİSTESİ!!!'!B79 -> ALİ KÖR | D82: ='!!!KATILIMCI LİSTESİ!!!'!C79 -> 16048290976 | E82: ='!!! VERİLER !!!'!C1 -> 1375 | F82: ='1-Devamsızlık Formu (Ek-4)'!AJ84 -> 14 | G82: =IF(AND('1-Devamsızlık Formu (Ek-4)'!D84="",F82>0,'1-Devamsızlık Formu (Ek-4)'!AW84="KASIM 2024"),(E82*(F82-1)+(666.75)),E82*F82) -> 19250 | H82: =G82*0.01 -> 192.5 | I82: =G82*0.01 -> 192.5 | J82: =IF(G82>20002.5,(G82-H82-I82)-(17002.12),0) -> 0 | K82: =J82*0.15 -> 0 | L82: =ROUND(K82-M82,2) -> #REF! | M82: =IF(K82-'!!!KATILIMCI LİSTESİ!!!'!#REF!>0,'!!!KATILIMCI LİSTESİ!!!'!#REF!,K82) -> #REF! | N82: =G82*0.045 -> 866.25 | O82: =G82*0.055 -> 1058.75 | P82: =G82+O82 -> 20308.75 | Q82: ='5-Banka Listesi'!G83 -> 0 | R82: =G82-Q82 -> 19250 | S82: =ROUND(G82*0.0225,3) -> 433.125 | T82: =ROUND(G82*0.02,3) -> 385 | U82: =ROUND(Q82+R82+S82+T82,3) -> 20068.125 | V82: 78
B83: 79 | C83: ='!!!KATILIMCI LİSTESİ!!!'!B80 -> ALİ SAKIZCI | D83: ='!!!KATILIMCI LİSTESİ!!!'!C80 -> 46879081238 | E83: ='!!! VERİLER !!!'!C1 -> 1375 | F83: ='1-Devamsızlık Formu (Ek-4)'!AJ85 -> 13 | G83: =IF(AND('1-Devamsızlık Formu (Ek-4)'!D85="",F83>0,'1-Devamsızlık Formu (Ek-4)'!AW85="KASIM 2024"),(E83*(F83-1)+(666.75)),E83*F83) -> 17875 | H83: =G83*0.01 -> 178.75 | I83: =G83*0.01 -> 178.75 | J83: =IF(G83>20002.5,(G83-H83-I83)-(17002.12),0) -> 0 | K83: =J83*0.15 -> 0 | L83: =ROUND(K83-M83,2) -> #REF! | M83: =IF(K83-'!!!KATILIMCI LİSTESİ!!!'!#REF!>0,'!!!KATILIMCI LİSTESİ!!!'!#REF!,K83) -> #REF! | N83: =G83*0.045 -> 804.375 | O83: =G83*0.055 -> 983.125 | P83: =G83+O83 -> 18858.125 | Q83: ='5-Banka Listesi'!G84 -> 0 | R83: =G83-Q83 -> 17875 | S83: =ROUND(G83*0.0225,3) -> 402.188 | T83: =ROUND(G83*0.02,3) -> 357.5 | U83: =ROUND(Q83+R83+S83+T83,3) -> 18634.688 | V83: 79
B84: 80 | C84: ='!!!KATILIMCI LİSTESİ!!!'!B81 -> ALİ BARAN ASLANPAY | D84: ='!!!KATILIMCI LİSTESİ!!!'!C81 -> 47401050876 | E84: ='!!! VERİLER !!!'!C1 -> 1375 | F84: ='1-Devamsızlık Formu (Ek-4)'!AJ86 -> 14 | G84: =IF(AND('1-Devamsızlık Formu (Ek-4)'!D86="",F84>0,'1-Devamsızlık Formu (Ek-4)'!AW86="KASIM 2024"),(E84*(F84-1)+(666.75)),E84*F84) -> 19250 | H84: =G84*0.01 -> 192.5 | I84: =G84*0.01 -> 192.5 | J84: =IF(G84>20002.5,(G84-H84-I84)-(17002.12),0) -> 0 | K84: =J84*0.15 -> 0 | L84: =ROUND(K84-M84,2) -> #REF! | M84: =IF(K84-'!!!KATILIMCI LİSTESİ!!!'!#REF!>0,'!!!KATILIMCI LİSTESİ!!!'!#REF!,K84) -> #REF! | N84: =G84*0.045 -> 866.25 | O84: =G84*0.055 -> 1058.75 | P84: =G84+O84 -> 20308.75 | Q84: ='5-Banka Listesi'!G85 -> 0 | R84: =G84-Q84 -> 19250 | S84: =ROUND(G84*0.0225,3) -> 433.125 | T84: =ROUND(G84*0.02,3) -> 385 | U84: =ROUND(Q84+R84+S84+T84,3) -> 20068.125 | V84: 80
B85: 81 | C85: ='!!!KATILIMCI LİSTESİ!!!'!B82 -> ALİCAN KOCA | D85: ='!!!KATILIMCI LİSTESİ!!!'!C82 -> 11063269716 | E85: ='!!! VERİLER !!!'!C1 -> 1375 | F85: ='1-Devamsızlık Formu (Ek-4)'!AJ87 -> 14 | G85: =IF(AND('1-Devamsızlık Formu (Ek-4)'!D87="",F85>0,'1-Devamsızlık Formu (Ek-4)'!AW87="KASIM 2024"),(E85*(F85-1)+(666.75)),E85*F85) -> 19250 | H85: =G85*0.01 -> 192.5 | I85: =G85*0.01 -> 192.5 | J85: =IF(G85>20002.5,(G85-H85-I85)-(17002.12),0) -> 0 | K85: =J85*0.15 -> 0 | L85: =ROUND(K85-M85,2) -> #REF! | M85: =IF(K85-'!!!KATILIMCI LİSTESİ!!!'!#REF!>0,'!!!KATILIMCI LİSTESİ!!!'!#REF!,K85) -> #REF! | N85: =G85*0.045 -> 866.25 | O85: =G85*0.055 -> 1058.75 | P85: =G85+O85 -> 20308.75 | Q85: ='5-Banka Listesi'!G86 -> 0 | R85: =G85-Q85 -> 19250 | S85: =ROUND(G85*0.0225,3) -> 433.125 | T85: =ROUND(G85*0.02,3) -> 385 | U85: =ROUND(Q85+R85+S85+T85,3) -> 20068.125 | V85: 81
B86: 82 | C86: ='!!!KATILIMCI LİSTESİ!!!'!B83 -> ALİ ERDEM AYATA | D86: ='!!!KATILIMCI LİSTESİ!!!'!C83 -> 10325283644 | E86: ='!!! VERİLER !!!'!C1 -> 1375 | F86: ='1-Devamsızlık Formu (Ek-4)'!AJ88 -> 14 | G86: =IF(AND('1-Devamsızlık Formu (Ek-4)'!D88="",F86>0,'1-Devamsızlık Formu (Ek-4)'!AW88="KASIM 2024"),(E86*(F86-1)+(666.75)),E86*F86) -> 19250 | H86: =G86*0.01 -> 192.5 | I86: =G86*0.01 -> 192.5 | J86: =IF(G86>20002.5,(G86-H86-I86)-(17002.12),0) -> 0 | K86: =J86*0.15 -> 0 | L86: =ROUND(K86-M86,2) -> #REF! | M86: =IF(K86-'!!!KATILIMCI LİSTESİ!!!'!#REF!>0,'!!!KATILIMCI LİSTESİ!!!'!#REF!,K86) -> #REF! | N86: =G86*0.045 -> 866.25 | O86: =G86*0.055 -> 1058.75 | P86: =G86+O86 -> 20308.75 | Q86: ='5-Banka Listesi'!G87 -> 0 | R86: =G86-Q86 -> 19250 | S86: =ROUND(G86*0.0225,3) -> 433.125 | T86: =ROUND(G86*0.02,3) -> 385 | U86: =ROUND(Q86+R86+S86+T86,3) -> 20068.125 | V86: 82
B87: 83 | C87: ='!!!KATILIMCI LİSTESİ!!!'!B84 -> ALİ GÖKDENİZ DEMİR | D87: ='!!!KATILIMCI LİSTESİ!!!'!C84 -> 14891150706 | E87: ='!!! VERİLER !!!'!C1 -> 1375 | F87: ='1-Devamsızlık Formu (Ek-4)'!AJ89 -> 14 | G87: =IF(AND('1-Devamsızlık Formu (Ek-4)'!D89="",F87>0,'1-Devamsızlık Formu (Ek-4)'!AW89="KASIM 2024"),(E87*(F87-1)+(666.75)),E87*F87) -> 19250 | H87: =G87*0.01 -> 192.5 | I87: =G87*0.01 -> 192.5 | J87: =IF(G87>20002.5,(G87-H87-I87)-(17002.12),0) -> 0 | K87: =J87*0.15 -> 0 | L87: =ROUND(K87-M87,2) -> #REF! | M87: =IF(K87-'!!!KATILIMCI LİSTESİ!!!'!#REF!>0,'!!!KATILIMCI LİSTESİ!!!'!#REF!,K87) -> #REF! | N87: =G87*0.045 -> 866.25 | O87: =G87*0.055 -> 1058.75 | P87: =G87+O87 -> 20308.75 | Q87: ='5-Banka Listesi'!G88 -> 0 | R87: =G87-Q87 -> 19250 | S87: =ROUND(G87*0.0225,3) -> 433.125 | T87: =ROUND(G87*0.02,3) -> 385 | U87: =ROUND(Q87+R87+S87+T87,3) -> 20068.125 | V87: 83
B88: 84 | C88: ='!!!KATILIMCI LİSTESİ!!!'!B85 -> ALİ İHSAN TURGUT | D88: ='!!!KATILIMCI LİSTESİ!!!'!C85 -> 12576002586 | E88: ='!!! VERİLER !!!'!C1 -> 1375 | F88: ='1-Devamsızlık Formu (Ek-4)'!AJ90 -> 14 | G88: =IF(AND('1-Devamsızlık Formu (Ek-4)'!D90="",F88>0,'1-Devamsızlık Formu (Ek-4)'!AW90="KASIM 2024"),(E88*(F88-1)+(666.75)),E88*F88) -> 19250 | H88: =G88*0.01 -> 192.5 | I88: =G88*0.01 -> 192.5 | J88: =IF(G88>20002.5,(G88-H88-I88)-(17002.12),0) -> 0 | K88: =J88*0.15 -> 0 | L88: =ROUND(K88-M88,2) -> #REF! | M88: =IF(K88-'!!!KATILIMCI LİSTESİ!!!'!#REF!>0,'!!!KATILIMCI LİSTESİ!!!'!#REF!,K88) -> #REF! | N88: =G88*0.045 -> 866.25 | O88: =G88*0.055 -> 1058.75 | P88: =G88+O88 -> 20308.75 | Q88: ='5-Banka Listesi'!G89 -> 0 | R88: =G88-Q88 -> 19250 | S88: =ROUND(G88*0.0225,3) -> 433.125 | T88: =ROUND(G88*0.02,3) -> 385 | U88: =ROUND(Q88+R88+S88+T88,3) -> 20068.125 | V88: 84
B89: 85 | C89: ='!!!KATILIMCI LİSTESİ!!!'!B86 -> ALİ İSMAİL KAYA | D89: ='!!!KATILIMCI LİSTESİ!!!'!C86 -> 11615251596 | E89: ='!!! VERİLER !!!'!C1 -> 1375 | F89: ='1-Devamsızlık Formu (Ek-4)'!AJ91 -> 5 | G89: =IF(AND('1-Devamsızlık Formu (Ek-4)'!D91="",F89>0,'1-Devamsızlık Formu (Ek-4)'!AW91="KASIM 2024"),(E89*(F89-1)+(666.75)),E89*F89) -> 6875 | H89: =G89*0.01 -> 68.75 | I89: =G89*0.01 -> 68.75 | J89: =IF(G89>20002.5,(G89-H89-I89)-(17002.12),0) -> 0 | K89: =J89*0.15 -> 0 | L89: =ROUND(K89-M89,2) -> #REF! | M89: =IF(K89-'!!!KATILIMCI LİSTESİ!!!'!#REF!>0,'!!!KATILIMCI LİSTESİ!!!'!#REF!,K89) -> #REF! | N89: =G89*0.045 -> 309.375 | O89: =G89*0.055 -> 378.125 | P89: =G89+O89 -> 7253.125 | Q89: ='5-Banka Listesi'!G90 -> 0 | R89: =G89-Q89 -> 6875 | S89: =ROUND(G89*0.0225,3) -> 154.688 | T89: =ROUND(G89*0.02,3) -> 137.5 | U89: =ROUND(Q89+R89+S89+T89,3) -> 7167.188 | V89: 85
B90: 86 | C90: ='!!!KATILIMCI LİSTESİ!!!'!B87 -> ALİ KUDRET SARAÇ | D90: ='!!!KATILIMCI LİSTESİ!!!'!C87 -> 45148916356 | E90: ='!!! VERİLER !!!'!C1 -> 1375 | F90: ='1-Devamsızlık Formu (Ek-4)'!AJ92 -> 1 | G90: =IF(AND('1-Devamsızlık Formu (Ek-4)'!D92="",F90>0,'1-Devamsızlık Formu (Ek-4)'!AW92="KASIM 2024"),(E90*(F90-1)+(666.75)),E90*F90) -> 1375 | H90: =G90*0.01 -> 13.75 | I90: =G90*0.01 -> 13.75 | J90: =IF(G90>20002.5,(G90-H90-I90)-(17002.12),0) -> 0 | K90: =J90*0.15 -> 0 | L90: =ROUND(K90-M90,2) -> #REF! | M90: =IF(K90-'!!!KATILIMCI LİSTESİ!!!'!#REF!>0,'!!!KATILIMCI LİSTESİ!!!'!#REF!,K90) -> #REF! | N90: =G90*0.045 -> 61.875 | O90: =G90*0.055 -> 75.625 | P90: =G90+O90 -> 1450.625 | Q90: ='5-Banka Listesi'!G91 -> 0 | R90: =G90-Q90 -> 1375 | S90: =ROUND(G90*0.0225,3) -> 30.938 | T90: =ROUND(G90*0.02,3) -> 27.5 | U90: =ROUND(Q90+R90+S90+T90,3) -> 1433.438 | V90: 86
B91: 87 | C91: ='!!!KATILIMCI LİSTESİ!!!'!B88 -> ALİ MANSAR ÖZTÜRK | D91: ='!!!KATILIMCI LİSTESİ!!!'!C88 -> 10283277594 | E91: ='!!! VERİLER !!!'!C1 -> 1375 | F91: ='1-Devamsızlık Formu (Ek-4)'!AJ93 -> 14 | G91: =IF(AND('1-Devamsızlık Formu (Ek-4)'!D93="",F91>0,'1-Devamsızlık Formu (Ek-4)'!AW93="KASIM 2024"),(E91*(F91-1)+(666.75)),E91*F91) -> 19250 | H91: =G91*0.01 -> 192.5 | I91: =G91*0.01 -> 192.5 | J91: =IF(G91>20002.5,(G91-H91-I91)-(17002.12),0) -> 0 | K91: =J91*0.15 -> 0 | L91: =ROUND(K91-M91,2) -> #REF! | M91: =IF(K91-'!!!KATILIMCI LİSTESİ!!!'!#REF!>0,'!!!KATILIMCI LİSTESİ!!!'!#REF!,K91) -> #REF! | N91: =G91*0.045 -> 866.25 | O91: =G91*0.055 -> 1058.75 | P91: =G91+O91 -> 20308.75 | Q91: ='5-Banka Listesi'!G92 -> 0 | R91: =G91-Q91 -> 19250 | S91: =ROUND(G91*0.0225,3) -> 433.125 | T91: =ROUND(G91*0.02,3) -> 385 | U91: =ROUND(Q91+R91+S91+T91,3) -> 20068.125 | V91: 87
B92: 88 | C92: ='!!!KATILIMCI LİSTESİ!!!'!B89 -> ALİ MURTAZA KARAKOYUN | D92: ='!!!KATILIMCI LİSTESİ!!!'!C89 -> 11678237780 | E92: ='!!! VERİLER !!!'!C1 -> 1375 | F92: ='1-Devamsızlık Formu (Ek-4)'!AJ94 -> 14 | G92: =IF(AND('1-Devamsızlık Formu (Ek-4)'!D94="",F92>0,'1-Devamsızlık Formu (Ek-4)'!AW94="KASIM 2024"),(E92*(F92-1)+(666.75)),E92*F92) -> 19250 | H92: =G92*0.01 -> 192.5 | I92: =G92*0.01 -> 192.5 | J92: =IF(G92>20002.5,(G92-H92-I92)-(17002.12),0) -> 0 | K92: =J92*0.15 -> 0 | L92: =ROUND(K92-M92,2) -> #REF! | M92: =IF(K92-'!!!KATILIMCI LİSTESİ!!!'!#REF!>0,'!!!KATILIMCI LİSTESİ!!!'!#REF!,K92) -> #REF! | N92: =G92*0.045 -> 866.25 | O92: =G92*0.055 -> 1058.75 | P92: =G92+O92 -> 20308.75 | Q92: ='5-Banka Listesi'!G93 -> 0 | R92: =G92-Q92 -> 19250 | S92: =ROUND(G92*0.0225,3) -> 433.125 | T92: =ROUND(G92*0.02,3) -> 385 | U92: =ROUND(Q92+R92+S92+T92,3) -> 20068.125 | V92: 88
B93: 89 | C93: ='!!!KATILIMCI LİSTESİ!!!'!B90 -> ALİ OSMAN TANRIVERDİ | D93: ='!!!KATILIMCI LİSTESİ!!!'!C90 -> 10831475458 | E93: ='!!! VERİLER !!!'!C1 -> 1375 | F93: ='1-Devamsızlık Formu (Ek-4)'!AJ95 -> 14 | G93: =IF(AND('1-Devamsızlık Formu (Ek-4)'!D95="",F93>0,'1-Devamsızlık Formu (Ek-4)'!AW95="KASIM 2024"),(E93*(F93-1)+(666.75)),E93*F93) -> 19250 | H93: =G93*0.01 -> 192.5 | I93: =G93*0.01 -> 192.5 | J93: =IF(G93>20002.5,(G93-H93-I93)-(17002.12),0) -> 0 | K93: =J93*0.15 -> 0 | L93: =ROUND(K93-M93,2) -> #REF! | M93: =IF(K93-'!!!KATILIMCI LİSTESİ!!!'!#REF!>0,'!!!KATILIMCI LİSTESİ!!!'!#REF!,K93) -> #REF! | N93: =G93*0.045 -> 866.25 | O93: =G93*0.055 -> 1058.75 | P93: =G93+O93 -> 20308.75 | Q93: ='5-Banka Listesi'!G94 -> 0 | R93: =G93-Q93 -> 19250 | S93: =ROUND(G93*0.0225,3) -> 433.125 | T93: =ROUND(G93*0.02,3) -> 385 | U93: =ROUND(Q93+R93+S93+T93,3) -> 20068.125 | V93: 89
B94: 90 | C94: ='!!!KATILIMCI LİSTESİ!!!'!B91 -> ALİ RIZA DURMAZ | D94: ='!!!KATILIMCI LİSTESİ!!!'!C91 -> 26557758690 | E94: ='!!! VERİLER !!!'!C1 -> 1375 | F94: ='1-Devamsızlık Formu (Ek-4)'!AJ96 -> 14 | G94: =IF(AND('1-Devamsızlık Formu (Ek-4)'!D96="",F94>0,'1-Devamsızlık Formu (Ek-4)'!AW96="KASIM 2024"),(E94*(F94-1)+(666.75)),E94*F94) -> 19250 | H94: =G94*0.01 -> 192.5 | I94: =G94*0.01 -> 192.5 | J94: =IF(G94>20002.5,(G94-H94-I94)-(17002.12),0) -> 0 | K94: =J94*0.15 -> 0 | L94: =ROUND(K94-M94,2) -> #REF! | M94: =IF(K94-'!!!KATILIMCI LİSTESİ!!!'!#REF!>0,'!!!KATILIMCI LİSTESİ!!!'!#REF!,K94) -> #REF! | N94: =G94*0.045 -> 866.25 | O94: =G94*0.055 -> 1058.75 | P94: =G94+O94 -> 20308.75 | Q94: ='5-Banka Listesi'!G95 -> 0 | R94: =G94-Q94 -> 19250 | S94: =ROUND(G94*0.0225,3) -> 433.125 | T94: =ROUND(G94*0.02,3) -> 385 | U94: =ROUND(Q94+R94+S94+T94,3) -> 20068.125 | V94: 90
B95: 91 | C95: ='!!!KATILIMCI LİSTESİ!!!'!B92 -> ALİSYA TOK | D95: ='!!!KATILIMCI LİSTESİ!!!'!C92 -> 10325369706 | E95: ='!!! VERİLER !!!'!C1 -> 1375 | F95: ='1-Devamsızlık Formu (Ek-4)'!AJ97 -> 8 | G95: =IF(AND('1-Devamsızlık Formu (Ek-4)'!D97="",F95>0,'1-Devamsızlık Formu (Ek-4)'!AW97="KASIM 2024"),(E95*(F95-1)+(666.75)),E95*F95) -> 11000 | H95: =G95*0.01 -> 110 | I95: =G95*0.01 -> 110 | J95: =IF(G95>20002.5,(G95-H95-I95)-(17002.12),0) -> 0 | K95: =J95*0.15 -> 0 | L95: =ROUND(K95-M95,2) -> #REF! | M95: =IF(K95-'!!!KATILIMCI LİSTESİ!!!'!#REF!>0,'!!!KATILIMCI LİSTESİ!!!'!#REF!,K95) -> #REF! | N95: =G95*0.045 -> 495 | O95: =G95*0.055 -> 605 | P95: =G95+O95 -> 11605 | Q95: ='5-Banka Listesi'!G96 -> 0 | R95: =G95-Q95 -> 11000 | S95: =ROUND(G95*0.0225,3) -> 247.5 | T95: =ROUND(G95*0.02,3) -> 220 | U95: =ROUND(Q95+R95+S95+T95,3) -> 11467.5 | V95: 91
B96: 92 | C96: ='!!!KATILIMCI LİSTESİ!!!'!B93 -> ALİ TURGAY DEMİR | D96: ='!!!KATILIMCI LİSTESİ!!!'!C93 -> 10913282028 | E96: ='!!! VERİLER !!!'!C1 -> 1375 | F96: ='1-Devamsızlık Formu (Ek-4)'!AJ98 -> 14 | G96: =IF(AND('1-Devamsızlık Formu (Ek-4)'!D98="",F96>0,'1-Devamsızlık Formu (Ek-4)'!AW98="KASIM 2024"),(E96*(F96-1)+(666.75)),E96*F96) -> 19250 | H96: =G96*0.01 -> 192.5 | I96: =G96*0.01 -> 192.5 | J96: =IF(G96>20002.5,(G96-H96-I96)-(17002.12),0) -> 0 | K96: =J96*0.15 -> 0 | L96: =ROUND(K96-M96,2) -> #REF! | M96: =IF(K96-'!!!KATILIMCI LİSTESİ!!!'!#REF!>0,'!!!KATILIMCI LİSTESİ!!!'!#REF!,K96) -> #REF! | N96: =G96*0.045 -> 866.25 | O96: =G96*0.055 -> 1058.75 | P96: =G96+O96 -> 20308.75 | Q96: ='5-Banka Listesi'!G97 -> 0 | R96: =G96-Q96 -> 19250 | S96: =ROUND(G96*0.0225,3) -> 433.125 | T96: =ROUND(G96*0.02,3) -> 385 | U96: =ROUND(Q96+R96+S96+T96,3) -> 20068.125 | V96: 92
B97: 93 | C97: ='!!!KATILIMCI LİSTESİ!!!'!B94 -> ALİ YASİN DOĞAN | D97: ='!!!KATILIMCI LİSTESİ!!!'!C94 -> 11723246972 | E97: ='!!! VERİLER !!!'!C1 -> 1375 | F97: ='1-Devamsızlık Formu (Ek-4)'!AJ99 -> 14 | G97: =IF(AND('1-Devamsızlık Formu (Ek-4)'!D99="",F97>0,'1-Devamsızlık Formu (Ek-4)'!AW99="KASIM 2024"),(E97*(F97-1)+(666.75)),E97*F97) -> 19250 | H97: =G97*0.01 -> 192.5 | I97: =G97*0.01 -> 192.5 | J97: =IF(G97>20002.5,(G97-H97-I97)-(17002.12),0) -> 0 | K97: =J97*0.15 -> 0 | L97: =ROUND(K97-M97,2) -> #REF! | M97: =IF(K97-'!!!KATILIMCI LİSTESİ!!!'!#REF!>0,'!!!KATILIMCI LİSTESİ!!!'!#REF!,K97) -> #REF! | N97: =G97*0.045 -> 866.25 | O97: =G97*0.055 -> 1058.75 | P97: =G97+O97 -> 20308.75 | Q97: ='5-Banka Listesi'!G98 -> 0 | R97: =G97-Q97 -> 19250 | S97: =ROUND(G97*0.0225,3) -> 433.125 | T97: =ROUND(G97*0.02,3) -> 385 | U97: =ROUND(Q97+R97+S97+T97,3) -> 20068.125 | V97: 93
B98: 94 | C98: ='!!!KATILIMCI LİSTESİ!!!'!B95 -> ALP ARSLAN | D98: ='!!!KATILIMCI LİSTESİ!!!'!C95 -> 26345326742 | E98: ='!!! VERİLER !!!'!C1 -> 1375 | F98: ='1-Devamsızlık Formu (Ek-4)'!AJ100 -> 14 | G98: =IF(AND('1-Devamsızlık Formu (Ek-4)'!D100="",F98>0,'1-Devamsızlık Formu (Ek-4)'!AW100="KASIM 2024"),(E98*(F98-1)+(666.75)),E98*F98) -> 19250 | H98: =G98*0.01 -> 192.5 | I98: =G98*0.01 -> 192.5 | J98: =IF(G98>20002.5,(G98-H98-I98)-(17002.12),0) -> 0 | K98: =J98*0.15 -> 0 | L98: =ROUND(K98-M98,2) -> #REF! | M98: =IF(K98-'!!!KATILIMCI LİSTESİ!!!'!#REF!>0,'!!!KATILIMCI LİSTESİ!!!'!#REF!,K98) -> #REF! | N98: =G98*0.045 -> 866.25 | O98: =G98*0.055 -> 1058.75 | P98: =G98+O98 -> 20308.75 | Q98: ='5-Banka Listesi'!G99 -> 0 | R98: =G98-Q98 -> 19250 | S98: =ROUND(G98*0.0225,3) -> 433.125 | T98: =ROUND(G98*0.02,3) -> 385 | U98: =ROUND(Q98+R98+S98+T98,3) -> 20068.125 | V98: 94
B99: 95 | C99: ='!!!KATILIMCI LİSTESİ!!!'!B96 -> ALPAY ELATAŞ | D99: ='!!!KATILIMCI LİSTESİ!!!'!C96 -> 29659731080 | E99: ='!!! VERİLER !!!'!C1 -> 1375 | F99: ='1-Devamsızlık Formu (Ek-4)'!AJ101 -> 14 | G99: =IF(AND('1-Devamsızlık Formu (Ek-4)'!D101="",F99>0,'1-Devamsızlık Formu (Ek-4)'!AW101="KASIM 2024"),(E99*(F99-1)+(666.75)),E99*F99) -> 19250 | H99: =G99*0.01 -> 192.5 | I99: =G99*0.01 -> 192.5 | J99: =IF(G99>20002.5,(G99-H99-I99)-(17002.12),0) -> 0 | K99: =J99*0.15 -> 0 | L99: =ROUND(K99-M99,2) -> #REF! | M99: =IF(K99-'!!!KATILIMCI LİSTESİ!!!'!#REF!>0,'!!!KATILIMCI LİSTESİ!!!'!#REF!,K99) -> #REF! | N99: =G99*0.045 -> 866.25 | O99: =G99*0.055 -> 1058.75 | P99: =G99+O99 -> 20308.75 | Q99: ='5-Banka Listesi'!G100 -> 0 | R99: =G99-Q99 -> 19250 | S99: =ROUND(G99*0.0225,3) -> 433.125 | T99: =ROUND(G99*0.02,3) -> 385 | U99: =ROUND(Q99+R99+S99+T99,3) -> 20068.125 | V99: 95
B100: 96 | C100: ='!!!KATILIMCI LİSTESİ!!!'!B97 -> ALPER ALTIN | D100: ='!!!KATILIMCI LİSTESİ!!!'!C97 -> 11441263114 | E100: ='!!! VERİLER !!!'!C1 -> 1375 | F100: ='1-Devamsızlık Formu (Ek-4)'!AJ102 -> 6 | G100: =IF(AND('1-Devamsızlık Formu (Ek-4)'!D102="",F100>0,'1-Devamsızlık Formu (Ek-4)'!AW102="KASIM 2024"),(E100*(F100-1)+(666.75)),E100*F100) -> 8250 | H100: =G100*0.01 -> 82.5 | I100: =G100*0.01 -> 82.5 | J100: =IF(G100>20002.5,(G100-H100-I100)-(17002.12),0) -> 0 | K100: =J100*0.15 -> 0 | L100: =ROUND(K100-M100,2) -> #REF! | M100: =IF(K100-'!!!KATILIMCI LİSTESİ!!!'!#REF!>0,'!!!KATILIMCI LİSTESİ!!!'!#REF!,K100) -> #REF! | N100: =G100*0.045 -> 371.25 | O100: =G100*0.055 -> 453.75 | P100: =G100+O100 -> 8703.75 | Q100: ='5-Banka Listesi'!G101 -> 0 | R100: =G100-Q100 -> 8250 | S100: =ROUND(G100*0.0225,3) -> 185.625 | T100: =ROUND(G100*0.02,3) -> 165 | U100: =ROUND(Q100+R100+S100+T100,3) -> 8600.625 | V100: 96
...

Sheet 3-Harcama Talimatı
C2: ='!!! VERİLER !!!'!C4 -> GAZİANTEP REKTÖRLÜĞÜ | E2: Hesap No : | F2: ='!!! VERİLER !!!'!C8 -> TR310001200133800004000406
C4: DÖNEMİ | E4: ='1-Devamsızlık Formu (Ek-4)'!AW7 -> HAZİRAN 2026
C5: ÇALIŞAN SAYISI | E5: ='2-Bordro'!H2 -> 1482
C6: BORDRO TOPLAMI | E6: ='2-Bordro'!P3005 -> 25913965
C7: İCRA KESİNTİSİ | E7: ='2-Bordro'!Q3005 -> 0
C8: ÇALIŞANLARA ÖDENECEK TUTAR | E8: ='2-Bordro'!R3005 -> 24563000
C9: ÖDENECEK GELİR VERGİSİ | E9: ='2-Bordro'!L3005 -> #REF!
C10: ÖDENECEK DAMGA VERGİSİ | E10: ='2-Bordro'!L3005 -> #REF!
C11: SSK PRİMİ TOPLAMI | E11: ='2-Bordro'!O3005 -> 1350965
C12: İŞSİZLİK PRİMİ TOPLAMI | E12: ='2-Bordro'!I3005+'2-Bordro'!T3005 -> 737563.75
C13: GENEL TOPLAM | E13: ='2-Bordro'!P3005 -> 25913965
C16: =" "&'!!! VERİLER !!!'!C17&" ÇALIŞMA VE İŞ KURUMU İL MÜDÜRLÜĞÜ İLE İŞBİRLİĞİ KAPSAMINDA DÜZENLENEN İŞKUR GENÇLİK PROGRAMINDA ÇALIŞAN "&E5&" KATILIMCIYA AİT "&'1-Devamsızlık Formu (Ek-4)'!P1&" "&'1-Devamsızlık Formu (Ek-4)'!C1&" DÖNEM ÜCRETİNİN "&TEXT(E13,"000.000,00")&" TL OLDUĞUNU TEYİD EDERİZ. " -> GAZİANTEP ÇALIŞMA VE İŞ KURUMU İL MÜDÜRLÜĞÜ İLE İŞBİRLİĞİ KAPSAMINDA DÜZENLENEN İŞKUR GENÇLİK PROGRAMINDA ÇALIŞAN 1482 KATILIMCIYA AİT HAZİRAN 2026 DÖNEM ÜCRETİNİN 25.913.965,00 TL OLDUĞUNU TEYİD EDERİZ.
C18: Koordinatör | E18: İmza Yetkilisi
C20: ='!!! VERİLER !!!'!C6 -> Mehmet Bereket TATAR | E20: ='!!! VERİLER !!!'!C5 -> Mehmet Fatih EVYAPAN
C21: ='!!! VERİLER !!!'!E6 -> Şube Müdürü | E21: ='!!! VERİLER !!!'!E5 -> Daire Başkanı

Sheet 4-Harcama Belgesi
B2: YÜKLENİCİ | C2: ='!!! VERİLER !!!'!C4 -> GAZİANTEP REKTÖRLÜĞÜ
B3: DÖNEM | C3: ='1-Devamsızlık Formu (Ek-4)'!AW7 -> HAZİRAN 2026
B5: KATILIMCI SAYISI | D5: : | E5: ='2-Bordro'!O2 -> HAZİRAN | G5: AYLIK SGK TAHSİLAT
B6: ÇALIŞTIĞI GÜN SAYISI | D6: : | E6: ='2-Bordro'!F3005 -> 17864 | G6: SGK PRİMİ (%14 + %20,50) | H6: ='2-Bordro'!H3005+'2-Bordro'!R3005+'2-Bordro'!S3005 -> 25361298
B7: PRİME ESAS KAZANÇ TUTARI | D7: : | E7: ='2-Bordro'!G3005 -> 24563000 | G7: İŞSİZLİK PRİMİ (%1 + %2) | H7: ='2-Bordro'!I3005+'2-Bordro'!T3005 -> 737563.75
B8: SGK PRİMİ İŞÇİ - %14 | D8: : | E8: ='2-Bordro'!H3005 -> 245630 | G8: SGK İŞVEREN CARİ DÖNEM (TAHSİLATI/TOPLAM) | H8: =ROUNDUP((H6+H7),2) -> 26098861
B9: SGK PRİMİ İŞVEREN - %20,50 | D9: : | E9: ='2-Bordro'!R3005+'2-Bordro'!S3005 -> 25115668
B10: İŞSİZLİK SİG. PRİMİ İŞÇİ - %1 | D10: : | E10: ='2-Bordro'!I3005 -> 246303.75
B11: İŞSİZLİK SİG. PRİMİ İŞVEREN - %2 | D11: : | E11: ='2-Bordro'!T3005 -> 491260 | G11: VERGİ DAİRESİ
B12: GELİR VERGİSİ MATRAHI | D12: : | E12: ='2-Bordro'!J3005 -> 0 | G12: NET GELİR VERGİSİ (STOPAJ) | H12: ='2-Bordro'!L3005 -> #REF!
B13: ASGARİ GEÇİM İNDİRİMİ | D13: : | E13: ='2-Bordro'!M3005 -> #REF! | G13: DAMGA VERGİSİ | H13: ='2-Bordro'!N3005 -> 1105335
B14: ÖDENECEK GELİR VERGİSİ | D14: : | E14: ='2-Bordro'!L3005 -> #REF! | G14: VERGİ DAİRESİ TOPLAM | H14: =H12+H13 -> #REF!
B15: DAMGA VERGİSİ | D15: : | E15: ='2-Bordro'!N3005 -> 1105335
B16: KESİNTİLER TOPLAMI | D16: : | E16: ='2-Bordro'!O3005 -> 1350965 | G16: KATILIMCIYA ÖDENEN NET | H16: ='2-Bordro'!P3005 -> 25913965
B17: ASGARİ ÜCRET (NET) | D17: : | E17: ='2-Bordro'!P3005 -> 25913965
B18: İŞVEREN TOPLAM MALİYET (BRÜT) | D18: : | E18: ='2-Bordro'!U3005 -> 25606928 | G18: İŞVERENE ÖDENECEK TOPLAM | H18: ='2-Bordro'!U3005 -> 25606928
B20: Koordinatör | G20: İmza Yetkilisi
B22: ='!!! VERİLER !!!'!C6 -> Mehmet Bereket TATAR | G22: ='!!! VERİLER !!!'!C5 -> Mehmet Fatih EVYAPAN
B23: ='!!! VERİLER !!!'!E6 -> Şube Müdürü | G23: ='!!! VERİLER !!!'!E5 -> Daire Başkanı

Sheet 5-Banka Listesi
B1: İŞKUR GENÇLİK PROGRAMI - KATILIMCI BANKA LİSTESİ
B2: KURUM ADI | D2: ='!!! VERİLER !!!'!C4 -> GAZİANTEP REKTÖRLÜĞÜ | G2: DÖNEM
B3: ='!!! VERİLER !!!'!B9 -> İŞ YERİ BANKA ŞUBESİ | D3: =CONCATENATE('!!! VERİLER !!!'!C9," ",'!!! VERİLER !!!'!E9) -> T.C. HALK BANKASI ÜNİVERSİTE UYDU ŞUBESİ | G3: ='1-Devamsızlık Formu (Ek-4)'!AW7 -> HAZİRAN 2026
B4: ='!!! VERİLER !!!'!B8 -> İŞ YERİ BANKA HESAP NUMARASI | D4: ='!!! VERİLER !!!'!C8 -> TR310001200133800004000406
C5: ADI SOYADI | D5: T.C. KİMLİK NO | E5: BANKA HESAP NO | F5: NORMAL MAAŞ | G5: İCRA KESİNTİSİ | H5: NET ELE GEÇEN | K5: İCRA KESİNTİSİ ELLE YAZILACAK
B6: 1 | C6: ='!!!KATILIMCI LİSTESİ!!!'!B2 -> ABDÜLAZİZ BÜYÜKDEMİR | D6: ='!!!KATILIMCI LİSTESİ!!!'!C2 -> 11231264864 | E6: ='!!!KATILIMCI LİSTESİ!!!'!D2 -> TR300001200133800001193050 | F6: ='2-Bordro'!G5 -> 19250 | H6: =F6-G6 -> 19250 | I6: 1
B7: 2 | C7: ='!!!KATILIMCI LİSTESİ!!!'!B3 -> ABDULBAKİ DALGIN | D7: ='!!!KATILIMCI LİSTESİ!!!'!C3 -> 51664708658 | E7: ='!!!KATILIMCI LİSTESİ!!!'!D3 -> TR410001200133800001186450 | F7: ='2-Bordro'!G6 -> 19250 | G7: 0 | H7: =F7-G7 -> 19250 | I7: 2 | K7: * İcra Kesintisi yapılan katılımcılara ait icra yazısı ve dekontlar harcama belgeleri ile birlikte gönderilmesi gerekmektedir.
B8: 3 | C8: ='!!!KATILIMCI LİSTESİ!!!'!B4 -> ABDULBASİT YİLMAZ | D8: ='!!!KATILIMCI LİSTESİ!!!'!C4 -> 12980258364 | E8: ='!!!KATILIMCI LİSTESİ!!!'!D4 -> TR390001200133800001206274 | F8: ='2-Bordro'!G7 -> 15125 | G8: 0 | H8: =F8-G8 -> 15125 | I8: 3
B9: 4 | C9: ='!!!KATILIMCI LİSTESİ!!!'!B5 -> ABDULKADİR AKÇAKOCA | D9: ='!!!KATILIMCI LİSTESİ!!!'!C5 -> 10244285118 | E9: ='!!!KATILIMCI LİSTESİ!!!'!D5 -> TR590001200133800001190879 | F9: ='2-Bordro'!G8 -> 19250 | G9: 0 | H9: =F9-G9 -> 19250 | I9: 4
B10: 5 | C10: ='!!!KATILIMCI LİSTESİ!!!'!B6 -> ABDULKADİR ALPASLAN | D10: ='!!!KATILIMCI LİSTESİ!!!'!C6 -> 47248051944 | E10: ='!!!KATILIMCI LİSTESİ!!!'!D6 -> TR720001200133800001183370 | F10: ='2-Bordro'!G9 -> 19250 | G10: 0 | H10: =F10-G10 -> 19250 | I10: 5 | K10: ** Bu liste sadece hak edişlere eklenecek olup, Harcama Belgelerine konulmayacaktır. Sadece Katılımcıların hesabına para yattığına dair Bankadan alınacak TOPLU EKSTRE harcama belgelerine eklenecektir.
B11: 6 | C11: ='!!!KATILIMCI LİSTESİ!!!'!B7 -> ABDULKADİR EKİNCİ | D11: ='!!!KATILIMCI LİSTESİ!!!'!C7 -> 30554505850 | E11: ='!!!KATILIMCI LİSTESİ!!!'!D7 -> TR050001200133800001141896 | F11: ='2-Bordro'!G10 -> 19250 | G11: 0 | H11: =F11-G11 -> 19250 | I11: 6
B12: 7 | C12: ='!!!KATILIMCI LİSTESİ!!!'!B8 -> ABDULKADİR TAŞPINAR | D12: ='!!!KATILIMCI LİSTESİ!!!'!C8 -> 11576369514 | E12: ='!!!KATILIMCI LİSTESİ!!!'!D8 -> TR470001200133800001209525 | F12: ='2-Bordro'!G11 -> 8250 | G12: 0 | H12: =F12-G12 -> 8250 | I12: 7
B13: 8 | C13: ='!!!KATILIMCI LİSTESİ!!!'!B9 -> ABDULKADİR ÜSTÜNER | D13: ='!!!KATILIMCI LİSTESİ!!!'!C9 -> 32120360108 | E13: ='!!!KATILIMCI LİSTESİ!!!'!D9 -> TR070001200133800001196859 | F13: ='2-Bordro'!G12 -> 12375 | G13: 0 | H13: =F13-G13 -> 12375 | I13: 8
B14: 9 | C14: ='!!!KATILIMCI LİSTESİ!!!'!B10 -> ABDÜLKADİR DÜK | D14: ='!!!KATILIMCI LİSTESİ!!!'!C10 -> 46378087250 | E14: ='!!!KATILIMCI LİSTESİ!!!'!D10 -> TR900001200133800001148999 | F14: ='2-Bordro'!G13 -> 19250 | G14: 0 | H14: =F14-G14 -> 19250 | I14: 9
B15: 10 | C15: ='!!!KATILIMCI LİSTESİ!!!'!B11 -> ABDULLAH BİNGÖL | D15: ='!!!KATILIMCI LİSTESİ!!!'!C11 -> 36059043460 | E15: ='!!!KATILIMCI LİSTESİ!!!'!D11 -> TR120001200968500001052505 | F15: ='2-Bordro'!G14 -> 19250 | G15: 0 | H15: =F15-G15 -> 19250 | I15: 10
B16: 11 | C16: ='!!!KATILIMCI LİSTESİ!!!'!B12 -> ABDULLAH ÇALIŞKAN | D16: ='!!!KATILIMCI LİSTESİ!!!'!C12 -> 17987044460 | E16: ='!!!KATILIMCI LİSTESİ!!!'!D12 -> TR120001200133800001183383 | F16: ='2-Bordro'!G15 -> 16500 | G16: 0 | H16: =F16-G16 -> 16500 | I16: 11
B17: 12 | C17: ='!!!KATILIMCI LİSTESİ!!!'!B13 -> ABDULLAH İŞ | D17: ='!!!KATILIMCI LİSTESİ!!!'!C13 -> 47635631308 | E17: ='!!!KATILIMCI LİSTESİ!!!'!D13 -> TR490001200133800001179807 | F17: ='2-Bordro'!G16 -> 8250 | G17: 0 | H17: =F17-G17 -> 8250 | I17: 12
B18: 13 | C18: ='!!!KATILIMCI LİSTESİ!!!'!B14 -> ABDULLAH ULUN | D18: ='!!!KATILIMCI LİSTESİ!!!'!C14 -> 10850337096 | E18: ='!!!KATILIMCI LİSTESİ!!!'!D14 -> TR350001200133800001192281 | F18: ='2-Bordro'!G17 -> 16500 | G18: 0 | H18: =F18-G18 -> 16500 | I18: 13
B19: 14 | C19: ='!!!KATILIMCI LİSTESİ!!!'!B15 -> ABDULLAH YÜZGEÇ | D19: ='!!!KATILIMCI LİSTESİ!!!'!C15 -> 13802183994 | E19: ='!!!KATILIMCI LİSTESİ!!!'!D15 -> TR260001200133800001186720 | F19: ='2-Bordro'!G18 -> 17875 | G19: 0 | H19: =F19-G19 -> 17875 | I19: 14
B20: 15 | C20: ='!!!KATILIMCI LİSTESİ!!!'!B16 -> ABDULSAMET KAYA | D20: ='!!!KATILIMCI LİSTESİ!!!'!C16 -> 12734216152 | E20: ='!!!KATILIMCI LİSTESİ!!!'!D16 -> TR310004601256888000151249 | F20: ='2-Bordro'!G19 -> 19250 | G20: 0 | H20: =F20-G20 -> 19250 | I20: 15
B21: 16 | C21: ='!!!KATILIMCI LİSTESİ!!!'!B17 -> ABDULSAMET ÖZDEMİR | D21: ='!!!KATILIMCI LİSTESİ!!!'!C17 -> 34354480898 | E21: ='!!!KATILIMCI LİSTESİ!!!'!D17 -> TR830001200133800001199662 | F21: ='2-Bordro'!G20 -> 12375 | G21: 0 | H21: =F21-G21 -> 12375 | I21: 16
B22: 17 | C22: ='!!!KATILIMCI LİSTESİ!!!'!B18 -> ABDULSAMET YAŞAR | D22: ='!!!KATILIMCI LİSTESİ!!!'!C18 -> 12021022954 | E22: ='!!!KATILIMCI LİSTESİ!!!'!D18 -> TR720001200133800001178811 | F22: ='2-Bordro'!G21 -> 15125 | G22: 0 | H22: =F22-G22 -> 15125 | I22: 17
... B3005: 3000 | C3005: ='!!!KATILIMCI LİSTESİ!!!'!B3001 -> 0 | D3005: ='!!!KATILIMCI LİSTESİ!!!'!C3001 -> 0 | E3005: ='!!!KATILIMCI LİSTESİ!!!'!D3001 -> 0 | F3005: ='2-Bordro'!G3004 -> 0 | G3005: 0 | H3005: =F3005-G3005 -> 0 | I3005: 3000
E3006: TOPLAM | F3006: ='2-Bordro'!G3005 -> 24563000 | G3006: =SUM(G6:G3005) -> 0 | H3006: =F3006-G3006 -> 24563000
C3010: Koordinatör | F3010: İmza Yetkilisi
C3012: ='!!! VERİLER !!!'!C6 -> Mehmet Bereket TATAR | F3012: ='!!! VERİLER !!!'!C5 -> Mehmet Fatih EVYAPAN
C3013: ='!!! VERİLER !!!'!E6 -> Şube Müdürü | F3013: ='!!! VERİLER !!!'!E5 -> Daire Başkanı

Sheet 6-Faaliyet Raporu
A1: AYLIK FAALİYET RAPORU
A2: TYP No | B2: TYP kapsamında işbirliği/hizmet alımı yapılan Kurum/Kuruluş adı-unavnı | C2: TYP Başlangıç tarihi | D2: TYP Bitiş Tarihi | E2: Kamusal altyapının yenilenme çalışması sayısı | F2: MEB; çevre düzenlemesi, bakım onarım ve temizlik yapılan okul sayısı | G2: Çevre düzenlemesi, bakım onarım ve temizlik yapılan cami ve kuran kursu sayısı | H2: Yapılan Restorasyon, tarihi ve kültürel mirasın korunması sayısı | I2: Ağaçlandırma yapılan alan (metre kare) | J2: Dikilen ağaç sayısı | K2: Düzenleme yapılan park sayısı | L2: Islah edilen vadi sayısı | M2: Islah edilen dere sayısı | N2: Erozyon engelleme çalışması sayısı | O2: Çevre Temizliği Yapılan alan Metre karesi ve mahalle sayısı
A3: ='!!! VERİLER !!!'!G9 -> 13324 | B3: ='!!! VERİLER !!!'!C4 -> GAZİANTEP REKTÖRLÜĞÜ | C3: ='!!! VERİLER !!!'!C14 -> 17.11.2025 | D3: ='!!! VERİLER !!!'!C15 -> 30.06.2026
A5: =""&'!!! VERİLER !!!'!C17&" ÇALIŞMA VE İŞ KURUMU İL MÜDÜRLÜĞÜ İLE İŞBİRLİĞİ KAPSAMINDA DÜZENLENEN "&'!!! VERİLER !!!'!G9&" PORTAL NUMARALI TOPLUM YARARINA PROGRAMIN "&'5-Banka Listesi'!G3&" DÖNEMİNDE YÜRÜTÜLEN FAALİYETLERE AİT BİLGİLER TABLODA SUNULMUŞTUR. " -> GAZİANTEP ÇALIŞMA VE İŞ KURUMU İL MÜDÜRLÜĞÜ İLE İŞBİRLİĞİ KAPSAMINDA DÜZENLENEN 13324 PORTAL NUMARALI TOPLUM YARARINA PROGRAMIN HAZİRAN 2026 DÖNEMİNDE YÜRÜTÜLEN FAALİYETLERE AİT BİLGİLER TABLODA SUNULMUŞTUR.
D8: Koordinatör | H8: İmza Yetkilisi
D10: ='!!! VERİLER !!!'!C6 -> Mehmet Bereket TATAR | H10: ='!!! VERİLER !!!'!C5 -> Mehmet Fatih EVYAPAN
D11: ='!!! VERİLER !!!'!E6 -> Şube Müdürü | H11: ='!!! VERİLER !!!'!E5 -> Daire Başkanı

Sheet 6-Devam Gün Çizelgesi
A1: İŞKUR GENÇLİK KATILIMCI GÜN ÇİZELGESİ | AO1: ██ | AP1: İşe girmeden önceki ve İşten ayrıldıktan sonraki günler ile çalışmadığı günler için girilecek. Resmi ve idari tatillerde de bu kullanılacak.
A2: KATILIMCILAR İÇİN HAFTADA EN FAZLA 3 DEVAM GÜNÜ SEÇİNİZ! | AM2: 1
A3: PORTAL NO | C3: ='1-Devamsızlık Formu (Ek-4)'!C2:I2 | D3: GÜN VE HAFTA BİLGİLERİ | AM3: 2
A4: AY BİLGİSİ | C4: =VLOOKUP('2-Bordro'!O2,AS17:AT28,2,FALSE) -> TEMMUZ | AM4: 3 | AN4: 2024 | AP4: Çalışacağı veya eğitim verileceği günler için seçilecek.
A5: YIL BİLGİSİ | C5: 2025 | AM5: 4 | AN5: 2025
A6: KATILIMCI BİLGİLERİ | D6: 1. HAFTA | K6: 2. HAFTA | R6: 3. HAFTA | Y6: 4. HAFTA | AF6: 5. HAFTA | AM6: 5 | AN6: ██
AM7: 6
A8: SIRA | B8: TC | C8: AD SOYAD | D8: Pazartesi | E8: Salı | F8: Çarşamba | G8: Perşembe | H8: Cuma | I8: Cumartesi | J8: Pazar | K8: Pazartesi | L8: Salı | M8: Çarşamba | N8: Perşembe | O8: Cuma | P8: Cumartesi | Q8: Pazar | R8: Pazartesi | S8: Salı | T8: Çarşamba | U8: Perşembe | V8: Cuma | W8: Cumartesi | X8: Pazar | Y8: Pazartesi | Z8: Salı | AA8: Çarşamba | AB8: Perşembe | AC8: Cuma | AD8: Cumartesi | AE8: Pazar | AF8: Pazartesi | AG8: Salı | AH8: Çarşamba | AI8: Perşembe | AJ8: Cuma | AK8: Cumartesi | AL8: Pazar | AM8: 7
A9: 1 | B9: ='!!!KATILIMCI LİSTESİ!!!'!C2 -> 11231264864 | C9: ='!!!KATILIMCI LİSTESİ!!!'!B2 -> ABDÜLAZİZ BÜYÜKDEMİR | AM9: 8
A10: 2 | B10: ='!!!KATILIMCI LİSTESİ!!!'!C3 -> 51664708658 | C10: ='!!!KATILIMCI LİSTESİ!!!'!B3 -> ABDULBAKİ DALGIN | AM10: 9
A11: 3 | B11: ='!!!KATILIMCI LİSTESİ!!!'!C4 -> 12980258364 | C11: ='!!!KATILIMCI LİSTESİ!!!'!B4 -> ABDULBASİT YİLMAZ | AM11: 10
A12: 4 | B12: ='!!!KATILIMCI LİSTESİ!!!'!C5 -> 10244285118 | C12: ='!!!KATILIMCI LİSTESİ!!!'!B5 -> ABDULKADİR AKÇAKOCA | AM12: 11
A13: 5 | B13: ='!!!KATILIMCI LİSTESİ!!!'!C6 -> 47248051944 | C13: ='!!!KATILIMCI LİSTESİ!!!'!B6 -> ABDULKADİR ALPASLAN | AM13: 12
A14: 6 | B14: ='!!!KATILIMCI LİSTESİ!!!'!C7 -> 30554505850 | C14: ='!!!KATILIMCI LİSTESİ!!!'!B7 -> ABDULKADİR EKİNCİ
A15: 7 | B15: ='!!!KATILIMCI LİSTESİ!!!'!C8 -> 11576369514 | C15: ='!!!KATILIMCI LİSTESİ!!!'!B8 -> ABDULKADİR TAŞPINAR
A16: 8 | B16: ='!!!KATILIMCI LİSTESİ!!!'!C9 -> 32120360108 | C16: ='!!!KATILIMCI LİSTESİ!!!'!B9 -> ABDULKADİR ÜSTÜNER | AT16: OCAK
A17: 9 | B17: ='!!!KATILIMCI LİSTESİ!!!'!C10 -> 46378087250 | C17: ='!!!KATILIMCI LİSTESİ!!!'!B10 -> ABDÜLKADİR DÜK | AS17: OCAK | AT17: ŞUBAT
A18: 10 | B18: ='!!!KATILIMCI LİSTESİ!!!'!C11 -> 36059043460 | C18: ='!!!KATILIMCI LİSTESİ!!!'!B11 -> ABDULLAH BİNGÖL | AS18: ŞUBAT | AT18: MART
A19: 11 | B19: ='!!!KATILIMCI LİSTESİ!!!'!C12 -> 17987044460 | C19: ='!!!KATILIMCI LİSTESİ!!!'!B12 -> ABDULLAH ÇALIŞKAN | AS19: MART | AT19: NİSAN
A20: 12 | B20: ='!!!KATILIMCI LİSTESİ!!!'!C13 -> 47635631308 | C20: ='!!!KATILIMCI LİSTESİ!!!'!B13 -> ABDULLAH İŞ | AS20: NİSAN | AT20: MAYIS
A21: 13 | B21: ='!!!KATILIMCI LİSTESİ!!!'!C14 -> 10850337096 | C21: ='!!!KATILIMCI LİSTESİ!!!'!B14 -> ABDULLAH ULUN | AS21: MAYIS | AT21: HAZİRAN
A22: 14 | B22: ='!!!KATILIMCI LİSTESİ!!!'!C15 -> 13802183994 | C22: ='!!!KATILIMCI LİSTESİ!!!'!B15 -> ABDULLAH YÜZGEÇ | AS22: HAZİRAN | AT22: TEMMUZ
A23: 15 | B23: ='!!!KATILIMCI LİSTESİ!!!'!C16 -> 12734216152 | C23: ='!!!KATILIMCI LİSTESİ!!!'!B16 -> ABDULSAMET KAYA | AS23: TEMMUZ | AT23: AĞUSTOS
A24: 16 | B24: ='!!!KATILIMCI LİSTESİ!!!'!C17 -> 34354480898 | C24: ='!!!KATILIMCI LİSTESİ!!!'!B17 -> ABDULSAMET ÖZDEMİR | AS24: AĞUSTOS | AT24: EYLÜL
A25: 17 | B25: ='!!!KATILIMCI LİSTESİ!!!'!C18 -> 12021022954 | C25: ='!!!KATILIMCI LİSTESİ!!!'!B18 -> ABDULSAMET YAŞAR | AS25: EYLÜL | AT25: EKİM
A26: 18 | B26: ='!!!KATILIMCI LİSTESİ!!!'!C19 -> 12179215468 | C26: ='!!!KATILIMCI LİSTESİ!!!'!B19 -> ABDÜLVEKİL GÖK | AS26: EKİM | AT26: KASIM
A27: 19 | B27: ='!!!KATILIMCI LİSTESİ!!!'!C20 -> 11516080912 | C27: ='!!!KATILIMCI LİSTESİ!!!'!B20 -> ABDURRAHMAN YAVUZ | AS27: KASIM | AT27: ARALIK
A28: 20 | B28: ='!!!KATILIMCI LİSTESİ!!!'!C21 -> 58198589036 | C28: ='!!!KATILIMCI LİSTESİ!!!'!B21 -> ABDURRAHMAN EMRE COŞKUN | AS28: ARALIK | AT28: OCAK
A29: 21 | B29: ='!!!KATILIMCI LİSTESİ!!!'!C22 -> 12964210364 | C29: ='!!!KATILIMCI LİSTESİ!!!'!B22 -> ABDURRAHMAN İHSAN ERDEMİR | AS29: OCAK
A30: 22 | B30: ='!!!KATILIMCI LİSTESİ!!!'!C23 -> 15580962310 | C30: ='!!!KATILIMCI LİSTESİ!!!'!B23 -> ABDURRAHMAN KADİR ÇETİN
A31: 23 | B31: ='!!!KATILIMCI LİSTESİ!!!'!C24 -> 10435498600 | C31: ='!!!KATILIMCI LİSTESİ!!!'!B24 -> ABDÜSSAMED SARI
A32: 24 | B32: ='!!!KATILIMCI LİSTESİ!!!'!C25 -> 10126514640 | C32: ='!!!KATILIMCI LİSTESİ!!!'!B25 -> ABUZER BOYNUKARA
A33: 25 | B33: ='!!!KATILIMCI LİSTESİ!!!'!C26 -> 41851235852 | C33: ='!!!KATILIMCI LİSTESİ!!!'!B26 -> ABUZER ŞAHAN
A34: 26 | B34: ='!!!KATILIMCI LİSTESİ!!!'!C27 -> 33472284968 | C34: ='!!!KATILIMCI LİSTESİ!!!'!B27 -> ADEM AKTA
A35: 27 | B35: ='!!!KATILIMCI LİSTESİ!!!'!C28 -> 11276752944 | C35: ='!!!KATILIMCI LİSTESİ!!!'!B28 -> ADİL EMİRHAN AYAZ
A36: 28 | B36: ='!!!KATILIMCI LİSTESİ!!!'!C29 -> 11438104260 | C36: ='!!!KATILIMCI LİSTESİ!!!'!B29 -> AFRA DİLA HASANOĞLU
A37: 29 | B37: ='!!!KATILIMCI LİSTESİ!!!'!C30 -> 10590069448 | C37: ='!!!KATILIMCI LİSTESİ!!!'!B30 -> AHMET ADAR
A38: 30 | B38: ='!!!KATILIMCI LİSTESİ!!!'!C31 -> 55543577472 | C38: ='!!!KATILIMCI LİSTESİ!!!'!B31 -> AHMET ARCA
A39: 31 | B39: ='!!!KATILIMCI LİSTESİ!!!'!C32 -> 58825297792 | C39: ='!!!KATILIMCI LİSTESİ!!!'!B32 -> AHMET ATASEVEN
A40: 32 | B40: ='!!!KATILIMCI LİSTESİ!!!'!C33 -> 30662502284 | C40: ='!!!KATILIMCI LİSTESİ!!!'!B33 -> AHMET BAYKUŞ
A41: 33 | B41: ='!!!KATILIMCI LİSTESİ!!!'!C34 -> 45049880008 | C41: ='!!!KATILIMCI LİSTESİ!!!'!B34 -> AHMET BIRASOĞLU
... A3008: 3000 | B3008: ='!!!KATILIMCI LİSTESİ!!!'!C3001 -> 0 | C3008: ='!!!KATILIMCI LİSTESİ!!!'!B3001 -> 0

Sheet DİKKAT
A1: D İ K K A T
A2: Her ödeme döneminde aktarılan tutara ait harcama belgelerinin; ASILLARININ, aslı yoksa onaylı örneklerinin Bir sonraki ödeme dönemi gelmeden, ÜST YAZI EKİNDE İl Müdürlüğümüze gönderilmesi gerekir. Aksi halde ödeme yapılmayacaktır.
A6: Hak ediş tutarına ilişkin,
A7: 1 | B7: SGK tahakkuk fişi,
A8: 2 | B8: SGK hizmet listesi,
A9: 3 | B9: SGK tutarının yattığına ilişkin dekont,
A10: 4 | B10: Muhtasar Beyanname,
A11: 5 | B11: Gelir vergisi tahakkuk fişi
A12: 6 | B12: Gelir vergisi tutarının ödendiğini gösterir dekont,
A13: 7 | B13: Çalışanlara ödenen parayı gösterir Banka onaylı ekstra. (Tarafımızca gönderilen ödemeyi takip eden 3 işgünü içinde yapılması gerekiyor)
A14: 8 | B14: Haciz işlemi olan katılımcılar için; İcra Yazısı ve ödeme yapıldığına dair dekont,
A15: 9 | B15: İl Müdürlüğümüzce ödenen paranın hesabınıza aktarıldığı tarihi gösterir dekont,
B16: (Dekontlarda fotokopi kabul etmiyoruz)
